celda_id,fecha,ndvi
0_4,2023-01-01,0.8538577572618783
0_4,2023-02-01,0.8433399909624945
0_4,2023-03-01,0.8324461138725714
0_4,2023-04-01,0.8197335743334839
0_4,2023-05-01,0.8530929733393587
0_4,2023-06-01,0.8387135788522372
0_4,2023-07-01,0.893125146859467
0_4,2023-08-01,0.5962373248983283
0_4,2023-09-01,0.7523488703117942
0_4,2023-10-01,0.7902093086308181
0_4,2023-11-01,0.8312747579374018
0_4,2023-12-01,0.8627089715048978
0_4,2024-01-01,0.8553887412744876
0_4,2024-02-01,0.8630462042476277
0_4,2024-03-01,0.842715634884772
0_4,2024-04-01,0.8391873248983284
0_4,2024-05-01,0.7278073203795753
0_4,2024-06-01,0.8174642114776325
0_4,2024-07-01,0.8582689335743335
0_4,2024-08-01,0.8030218707636695
0_4,2024-09-01,0.885924920921826
0_4,2024-10-01,0.8780827157704475
0_4,2024-11-01,0.7731651604157255
0_4,2024-12-01,0.8751663814456205
0_4,2025-01-01,0.8607475568565639
0_4,2025-02-01,0.827163217352011
0_4,2025-03-01,0.8356490284681432
0_4,2025-04-01,0.8235680750112971
0_4,2025-05-01,0.8674570718481703
0_4,2025-06-01,0.8425040668775421
0_4,2025-07-01,0.7938971305919568
0_4,2025-08-01,0.8199421373700859
0_4,2025-09-01,0.7882631043831905
0_4,2025-10-01,0.7419154089471307
0_4,2025-11-01,0.32730907453276287
0_4,2025-12-01,0.8544101778878631
0_4,2026-01-01,0.8656129475343393
0_4,2026-02-01,0.8564910528694084
0_4,2026-03-01,0.8627766832354273
0_4,2026-04-01,0.8497497288748308
0_5,2023-01-01,0.8870996506550219
0_5,2023-02-01,0.8770065643648767
0_5,2023-03-01,0.8510120204603584
0_5,2023-04-01,0.8353172208013644
0_5,2023-05-01,0.8540156862745101
0_5,2023-06-01,0.8616057971014495
0_5,2023-07-01,0.8422625745950556
0_5,2023-08-01,0.5447365728900257
0_5,2023-09-01,0.7873507246376815
0_5,2023-10-01,0.6796707587382781
0_5,2023-11-01,0.7972199126637556
0_5,2023-12-01,0.8765615384615386
0_5,2024-01-01,0.8416816593886465
0_5,2024-02-01,0.8781698209718672
0_5,2024-03-01,0.8692366581415176
0_5,2024-04-01,0.8771277919863599
0_5,2024-05-01,0.6057723785166242
0_5,2024-06-01,0.6859633418584826
0_5,2024-07-01,0.8685683716965048
0_5,2024-08-01,0.693189855072464
0_5,2024-09-01,0.7019375106564366
0_5,2024-10-01,0.8549158567774938
0_5,2024-11-01,0.7974025575447573
0_5,2024-12-01,0.8695074235807861
0_5,2025-01-01,0.8728661135371181
0_5,2025-02-01,0.8417663256606993
0_5,2025-03-01,0.8436067348678604
0_5,2025-04-01,0.8530169650468886
0_5,2025-05-01,0.8905520886615519
0_5,2025-06-01,0.7879324808184146
0_5,2025-07-01,0.8543150042625749
0_5,2025-08-01,0.8522505541346976
0_5,2025-09-01,0.8641513213981248
0_5,2025-10-01,0.866735464620631
0_5,2025-11-01,0.39328497816593894
0_5,2025-12-01,0.8768771179039304
0_5,2026-01-01,0.8601153711790396
0_5,2026-02-01,0.9139115089514068
0_5,2026-03-01,0.7581916453537938
0_5,2026-04-01,0.8570677749360617
1_0,2023-01-01,0.7292977099236643
1_0,2023-02-01,0.68
1_0,2023-03-01,0.5230967741935484
1_0,2023-04-01,0.47636451612903224
1_0,2023-05-01,0.6297483870967743
1_0,2023-06-01,0.8062000000000001
1_0,2023-07-01,0.7868290322580644
1_0,2023-08-01,0.7845032258064517
1_0,2023-09-01,0.8188935483870968
1_0,2023-10-01,0.7035161290322581
1_0,2023-11-01,0.7861183206106872
1_0,2023-12-01,0.7933827067669172
1_0,2024-01-01,0.7705618320610688
1_0,2024-02-01,0.6585
1_0,2024-03-01,0.5881516129032258
1_0,2024-04-01,0.5686225806451614
1_0,2024-05-01,0.6228387096774194
1_0,2024-06-01,0.7488838709677419
1_0,2024-07-01,0.8105838709677419
1_0,2024-08-01,0.7854161290322581
1_0,2024-09-01,0.8030290322580645
1_0,2024-10-01,0.8218838709677421
1_0,2024-11-01,0.5628161290322581
1_0,2024-12-01,0.7364946564885496
1_0,2025-01-01,0.7198404580152673
1_0,2025-02-01,0.6695741935483871
1_0,2025-03-01,0.6713322580645161
1_0,2025-04-01,0.7004806451612903
1_0,2025-05-01,0.7986935483870968
1_0,2025-06-01,0.8247741935483871
1_0,2025-07-01,0.8247741935483871
1_0,2025-08-01,0.5810096774193548
1_0,2025-09-01,0.7069064516129033
1_0,2025-10-01,0.5572967741935484
1_0,2025-11-01,0.5954190839694657
1_0,2025-12-01,0.7964770992366415
1_0,2026-01-01,0.7506015267175574
1_0,2026-02-01,0.6946064516129032
1_0,2026-03-01,0.6935064516129033
1_0,2026-04-01,0.6456064516129033
1_1,2023-01-01,0.7155708196721311
1_1,2023-02-01,0.6779973333333333
1_1,2023-03-01,0.5333753333333333
1_1,2023-04-01,0.4735630000000001
1_1,2023-05-01,0.7769563333333332
1_1,2023-06-01,0.7957143333333334
1_1,2023-07-01,0.7627256666666667
1_1,2023-08-01,0.7744636666666666
1_1,2023-09-01,0.7715666666666667
1_1,2023-10-01,0.6192496666666666
1_1,2023-11-01,0.7946891803278688
1_1,2023-12-01,0.7949953020134228
1_1,2024-01-01,0.8129052459016392
1_1,2024-02-01,0.719083
1_1,2024-03-01,0.6414203333333333
1_1,2024-04-01,0.5854163333333333
1_1,2024-05-01,0.6029663333333334
1_1,2024-06-01,0.7396809999999999
1_1,2024-07-01,0.8048283333333334
1_1,2024-08-01,0.813885
1_1,2024-09-01,0.7645846666666668
1_1,2024-10-01,0.6691656666666667
1_1,2024-11-01,0.6610926666666667
1_1,2024-12-01,0.8062439344262294
1_1,2025-01-01,0.6022832786885245
1_1,2025-02-01,0.6802236666666667
1_1,2025-03-01,0.6573023333333333
1_1,2025-04-01,0.6606896666666667
1_1,2025-05-01,0.7950866666666666
1_1,2025-06-01,0.6465500000000001
1_1,2025-07-01,0.6882383333333334
1_1,2025-08-01,0.7435296666666665
1_1,2025-09-01,0.8618313333333334
1_1,2025-10-01,0.7007716666666666
1_1,2025-11-01,0.6587590163934426
1_1,2025-12-01,0.7879324590163933
1_1,2026-01-01,0.7827944262295081
1_1,2026-02-01,0.763095
1_1,2026-03-01,0.7262446666666666
1_1,2026-04-01,0.6603519999999999
1_3,2023-01-01,0.8158796296296298
1_3,2023-02-01,0.8297413793103448
1_3,2023-03-01,0.7444137931034482
1_3,2023-04-01,0.7151586206896552
1_3,2023-05-01,0.7777965517241379
1_3,2023-06-01,0.8583068965517241
1_3,2023-07-01,0.8933862068965519
1_3,2023-08-01,0.6583344827586207
1_3,2023-09-01,0.8433172413793104
1_3,2023-10-01,0.8336068965517243
1_3,2023-11-01,0.6507296296296297
1_3,2023-12-01,0.8557922077922078
1_3,2024-01-01,0.8263805555555557
1_3,2024-02-01,0.8386793103448277
1_3,2024-03-01,0.7175379310344828
1_3,2024-04-01,0.7285862068965518
1_3,2024-05-01,0.7825
1_3,2024-06-01,0.8238448275862069
1_3,2024-07-01,0.8746448275862069
1_3,2024-08-01,0.47292758620689657
1_3,2024-09-01,0.8312620689655172
1_3,2024-10-01,0.8321172413793103
1_3,2024-11-01,0.8358931034482758
1_3,2024-12-01,0.8649333333333334
1_3,2025-01-01,0.8262490740740742
1_3,2025-02-01,0.7923551724137932
1_3,2025-03-01,0.7908586206896553
1_3,2025-04-01,0.7702137931034483
1_3,2025-05-01,0.8670551724137932
1_3,2025-06-01,0.8860896551724139
1_3,2025-07-01,0.8860896551724139
1_3,2025-08-01,0.8489655172413794
1_3,2025-09-01,0.8407413793103449
1_3,2025-10-01,0.6342793103448277
1_3,2025-11-01,0.4855657407407408
1_3,2025-12-01,0.8524231481481482
1_3,2026-01-01,0.8774462962962963
1_3,2026-02-01,0.8853413793103448
1_3,2026-03-01,0.8560965517241379
1_3,2026-04-01,0.8095655172413792
1_4,2023-01-01,0.8369488386402095
1_4,2023-02-01,0.8008969659633454
1_4,2023-03-01,0.7598709841367628
1_4,2023-04-01,0.7157027260126291
1_4,2023-05-01,0.7784294624980752
1_4,2023-06-01,0.832001401509318
1_4,2023-07-01,0.8739704296935163
1_4,2023-08-01,0.7009832742953953
1_4,2023-09-01,0.7996316648698603
1_4,2023-10-01,0.7015802402587402
1_4,2023-11-01,0.8294623750192281
1_4,2023-12-01,0.8647339315589354
1_4,2024-01-01,0.8335200276880482
1_4,2024-02-01,0.812663914985369
1_4,2024-03-01,0.7639165100877872
1_4,2024-04-01,0.7546764361620208
1_4,2024-05-01,0.7870608501463114
1_4,2024-06-01,0.7896368396734945
1_4,2024-07-01,0.8530344524872943
1_4,2024-08-01,0.7577620514400124
1_4,2024-09-01,0.8575688741721857
1_4,2024-10-01,0.8441234406283693
1_4,2024-11-01,0.8371263514554138
1_4,2024-12-01,0.8604267189663131
1_4,2025-01-01,0.8490860944470083
1_4,2025-02-01,0.8185127675958728
1_4,2025-03-01,0.8182945479747423
1_4,2025-04-01,0.7954202525797014
1_4,2025-05-01,0.8447705837055292
1_4,2025-06-01,0.8453675342676734
1_4,2025-07-01,0.8446840289542586
1_4,2025-08-01,0.8277410750038503
1_4,2025-09-01,0.8167153395964886
1_4,2025-10-01,0.7825713537655938
1_4,2025-11-01,0.7121491155206892
1_4,2025-12-01,0.8599131364405478
1_4,2026-01-01,0.8579353791724352
1_4,2026-02-01,0.8508657477283229
1_4,2026-03-01,0.8415767287848454
1_4,2026-04-01,0.8134839827506547
1_5,2023-01-01,0.8941309316770187
1_5,2023-02-01,0.8784331346841479
1_5,2023-03-01,0.8541525625744935
1_5,2023-04-01,0.8505891537544696
1_5,2023-05-01,0.8459308700834327
1_5,2023-06-01,0.8642283671036949
1_5,2023-07-01,0.870359713945173
1_5,2023-08-01,0.651416924910608
1_5,2023-09-01,0.8137257449344458
1_5,2023-10-01,0.774051251489869
1_5,2023-11-01,0.906957639751553
1_5,2023-12-01,0.8228306493506492
1_5,2024-01-01,0.864349192546584
1_5,2024-02-01,0.8794786650774732
1_5,2024-03-01,0.8687101311084624
1_5,2024-04-01,0.8230684147794995
1_5,2024-05-01,0.7701690107270562
1_5,2024-06-01,0.8657724672228844
1_5,2024-07-01,0.8734286054827177
1_5,2024-08-01,0.8746702026221693
1_5,2024-09-01,0.7439730631704411
1_5,2024-10-01,0.8894406436233613
1_5,2024-11-01,0.8761847437425506
1_5,2024-12-01,0.9127314285714286
1_5,2025-01-01,0.8202653416149069
1_5,2025-02-01,0.8717882002383792
1_5,2025-03-01,0.8817259833134685
1_5,2025-04-01,0.8994177592371871
1_5,2025-05-01,0.8014274135876043
1_5,2025-06-01,0.7841754469606675
1_5,2025-07-01,0.8245033373063172
1_5,2025-08-01,0.8209381406436234
1_5,2025-09-01,0.8116406436233612
1_5,2025-10-01,0.8052059594755663
1_5,2025-11-01,0.22975080745341617
1_5,2025-12-01,0.8796616149068327
1_5,2026-01-01,0.8564837267080748
1_5,2026-02-01,0.8718302741358761
1_5,2026-03-01,0.8500189511323004
1_5,2026-04-01,0.8699429082240764
2_0,2023-01-01,0.7281327886710239
2_0,2023-02-01,0.6473658744894171
2_0,2023-03-01,0.5836324173783883
2_0,2023-04-01,0.5289711102859265
2_0,2023-05-01,0.576405384329744
2_0,2023-06-01,0.7292835499443003
2_0,2023-07-01,0.7359665057556629
2_0,2023-08-01,0.6941329743780169
2_0,2023-09-01,0.710937727441515
2_0,2023-10-01,0.7771922020051988
2_0,2023-11-01,0.779777559912854
2_0,2023-12-01,0.7849905218317359
2_0,2024-01-01,0.7031880900508352
2_0,2024-02-01,0.6889641663572225
2_0,2024-03-01,0.6335982918678055
2_0,2024-04-01,0.6186294838470108
2_0,2024-05-01,0.6731444485703676
2_0,2024-06-01,0.6892682138878573
2_0,2024-07-01,0.7509480505012996
2_0,2024-08-01,0.6726767545488305
2_0,2024-09-01,0.7912862235425177
2_0,2024-10-01,0.8196604530263647
2_0,2024-11-01,0.7438127367248423
2_0,2024-12-01,0.8453075163398696
2_0,2025-01-01,0.6817615468409587
2_0,2025-02-01,0.6496415150389899
2_0,2025-03-01,0.6422565540289641
2_0,2025-04-01,0.6015862235425178
2_0,2025-05-01,0.7303543260304494
2_0,2025-06-01,0.7253658744894171
2_0,2025-07-01,0.6206298551800966
2_0,2025-08-01,0.5780442257705161
2_0,2025-09-01,0.6904789082807278
2_0,2025-10-01,0.5048485703676199
2_0,2025-11-01,0.6102272331154684
2_0,2025-12-01,0.8059408859840234
2_0,2026-01-01,0.7976474219317359
2_0,2026-02-01,0.8030501299665801
2_0,2026-03-01,0.6990254734496844
2_0,2026-04-01,0.7246325659116228
2_1,2023-01-01,0.5105484490896831
2_1,2023-02-01,0.5345540790580321
2_1,2023-03-01,0.45333096719932725
2_1,2023-04-01,0.3872698906644239
2_1,2023-05-01,0.5052169554247269
2_1,2023-06-01,0.5450179310344829
2_1,2023-07-01,0.5491841715727503
2_1,2023-08-01,0.5645763498738438
2_1,2023-09-01,0.555792111017662
2_1,2023-10-01,0.5776106644238858
2_1,2023-11-01,0.6446875590020231
2_1,2023-12-01,0.6772849419511351
2_1,2024-01-01,0.5525804956169927
2_1,2024-02-01,0.6499984524810767
2_1,2024-03-01,0.539028174936922
2_1,2024-04-01,0.531709991589571
2_1,2024-05-01,0.4698699243061397
2_1,2024-06-01,0.5688559966358285
2_1,2024-07-01,0.587066795626577
2_1,2024-08-01,0.5416639865433139
2_1,2024-09-01,0.5844843229604711
2_1,2024-10-01,0.5791203868797309
2_1,2024-11-01,0.6327052144659381
2_1,2024-12-01,0.6701692683749159
2_1,2025-01-01,0.5458490728253541
2_1,2025-02-01,0.5469824053826745
2_1,2025-03-01,0.5479501429772919
2_1,2025-04-01,0.5449629268292684
2_1,2025-05-01,0.5824482590412116
2_1,2025-06-01,0.5053894869638353
2_1,2025-07-01,0.5615503280067283
2_1,2025-08-01,0.49527641715727505
2_1,2025-09-01,0.6276967872161481
2_1,2025-10-01,0.47817559293523965
2_1,2025-11-01,0.48801443020903573
2_1,2025-12-01,0.6644658799730278
2_1,2026-01-01,0.657408766014835
2_1,2026-02-01,0.671021749369218
2_1,2026-03-01,0.6172324137931037
2_1,2026-04-01,0.6206051471825065
2_2,2023-01-01,0.7211640202331207
2_2,2023-02-01,0.7107953406593407
2_2,2023-03-01,0.6360513626373625
2_2,2023-04-01,0.5494337802197804
2_2,2023-05-01,0.6796463516483517
2_2,2023-06-01,0.7283427692307693
2_2,2023-07-01,0.7079054945054944
2_2,2023-08-01,0.7341825274725274
2_2,2023-09-01,0.7281223956043954
2_2,2023-10-01,0.7395618901098902
2_2,2023-11-01,0.7607709918627666
2_2,2023-12-01,0.7743054525862066
2_2,2024-01-01,0.7653273147129975
2_2,2024-02-01,0.7666833626373627
2_2,2024-03-01,0.7000078901098902
2_2,2024-04-01,0.6602387252747255
2_2,2024-05-01,0.6360208571428572
2_2,2024-06-01,0.6832203076923076
2_2,2024-07-01,0.7396653406593408
2_2,2024-08-01,0.6900559120879122
2_2,2024-09-01,0.6785008131868132
2_2,2024-10-01,0.7601602417582417
2_2,2024-11-01,0.7866297582417582
2_2,2024-12-01,0.7934481636243677
2_2,2025-01-01,0.7373737189355617
2_2,2025-02-01,0.7290169450549451
2_2,2025-03-01,0.6986022197802199
2_2,2025-04-01,0.7117685494505495
2_2,2025-05-01,0.7452027252747254
2_2,2025-06-01,0.6738183956043955
2_2,2025-07-01,0.7098204615384616
2_2,2025-08-01,0.7384845714285715
2_2,2025-09-01,0.7982599120879121
2_2,2025-10-01,0.8070063736263737
2_2,2025-11-01,0.6290042445568506
2_2,2025-12-01,0.7625795469540357
2_2,2026-01-01,0.7603585440950078
2_2,2026-02-01,0.7719146373626372
2_2,2026-03-01,0.7644381978021977
2_2,2026-04-01,0.7731225054945056
2_3,2023-01-01,0.7964078214285716
2_3,2023-02-01,0.733179471397538
2_3,2023-03-01,0.67255716871832
2_3,2023-04-01,0.6494677407675598
2_3,2023-05-01,0.812936531498914
2_3,2023-06-01,0.8122982983345403
2_3,2023-07-01,0.791890514120203
2_3,2023-08-01,0.7306473931933384
2_3,2023-09-01,0.8575787110789287
2_3,2023-10-01,0.8087732078204201
2_3,2023-11-01,0.7889436071428572
2_3,2023-12-01,0.792951087771943
2_3,2024-01-01,0.8127632857142858
2_3,2024-02-01,0.7930654598117307
2_3,2024-03-01,0.7015831281679943
2_3,2024-04-01,0.6811362418537292
2_3,2024-05-01,0.7161408761766839
2_3,2024-06-01,0.7174412382331646
2_3,2024-07-01,0.8082285300506878
2_3,2024-08-01,0.7116146994931211
2_3,2024-09-01,0.7806675597393194
2_3,2024-10-01,0.795280774800869
2_3,2024-11-01,0.8358136495293267
2_3,2024-12-01,0.8283712500000002
2_3,2025-01-01,0.775798785714286
2_3,2025-02-01,0.7657876176683561
2_3,2025-03-01,0.7585070963070241
2_3,2025-04-01,0.6979775887038377
2_3,2025-05-01,0.7487237509051414
2_3,2025-06-01,0.7804667270094134
2_3,2025-07-01,0.7799921071687183
2_3,2025-08-01,0.7325948225923243
2_3,2025-09-01,0.7367107168718321
2_3,2025-10-01,0.722844170890659
2_3,2025-11-01,0.6845885357142858
2_3,2025-12-01,0.7973575000000002
2_3,2026-01-01,0.8133469285714284
2_3,2026-02-01,0.822845510499638
2_3,2026-03-01,0.8315197320782044
2_3,2026-04-01,0.8010329833454017
2_4,2023-01-01,0.8487082357533174
2_4,2023-02-01,0.818350669788009
2_4,2023-03-01,0.8049628040057223
2_4,2023-04-01,0.7736148263753411
2_4,2023-05-01,0.8021883730003899
2_4,2023-06-01,0.8306344778254645
2_4,2023-07-01,0.8523862010664586
2_4,2023-08-01,0.8211103264403696
2_4,2023-09-01,0.8553074652100404
2_4,2023-10-01,0.8310380153465987
2_4,2023-11-01,0.8211744340359095
2_4,2023-12-01,0.8514665437436418
2_4,2024-01-01,0.8536992063492062
2_4,2024-02-01,0.8441579919365327
2_4,2024-03-01,0.7805564702822214
2_4,2024-04-01,0.7690828456236182
2_4,2024-05-01,0.7524236311613994
2_4,2024-06-01,0.717735505267265
2_4,2024-07-01,0.8290880218493951
2_4,2024-08-01,0.7845107556249189
2_4,2024-09-01,0.8383089218363897
2_4,2024-10-01,0.859220886981402
2_4,2024-11-01,0.8482588893224087
2_4,2024-12-01,0.8456713895394222
2_4,2025-01-01,0.8312672521467603
2_4,2025-02-01,0.8298215502666147
2_4,2025-03-01,0.8208953179867344
2_4,2025-04-01,0.8118295226947588
2_4,2025-05-01,0.8487053713096632
2_4,2025-06-01,0.8012178566783718
2_4,2025-07-01,0.7688521264143585
2_4,2025-08-01,0.8548876706984
2_4,2025-09-01,0.8176417479516193
2_4,2025-10-01,0.7815124203407464
2_4,2025-11-01,0.6490720921155348
2_4,2025-12-01,0.8806479052823315
2_4,2026-01-01,0.8538006245120998
2_4,2026-02-01,0.8331225907140071
2_4,2026-03-01,0.8542469631941736
2_4,2026-04-01,0.8373444271036548
2_5,2023-01-01,0.8175414321819713
2_5,2023-02-01,0.8605221001830585
2_5,2023-03-01,0.8639207522050258
2_5,2023-04-01,0.8397855050757195
2_5,2023-05-01,0.8605300216342151
2_5,2023-06-01,0.8641012314861043
2_5,2023-07-01,0.87143012148444
2_5,2023-08-01,0.8483544849392575
2_5,2023-09-01,0.8702522715926112
2_5,2023-10-01,0.7654653186886337
2_5,2023-11-01,0.7691251221566976
2_5,2023-12-01,0.8484767069640726
2_5,2024-01-01,0.8505821735467566
2_5,2024-02-01,0.8770182892328173
2_5,2024-03-01,0.8428276418705276
2_5,2024-04-01,0.8062281411216509
2_5,2024-05-01,0.6867359294391745
2_5,2024-06-01,0.7369444000665667
2_5,2024-07-01,0.7966693459810285
2_5,2024-08-01,0.7865091529372609
2_5,2024-09-01,0.8194817773339991
2_5,2024-10-01,0.8700081045099017
2_5,2024-11-01,0.8177691129971707
2_5,2024-12-01,0.863436310025274
2_5,2025-01-01,0.6180129907329404
2_5,2025-02-01,0.8193611083374938
2_5,2025-03-01,0.8694849059743718
2_5,2025-04-01,0.8221444999167915
2_5,2025-05-01,0.8449029122982193
2_5,2025-06-01,0.7596116325511731
2_5,2025-07-01,0.8027744549841904
2_5,2025-08-01,0.8164474122150109
2_5,2025-09-01,0.8268866866367113
2_5,2025-10-01,0.8557261607588617
2_5,2025-11-01,0.5328192417860151
2_5,2025-12-01,0.7413830665543388
2_5,2026-01-01,0.7556678854254422
2_5,2026-02-01,0.7543175569978365
2_5,2026-03-01,0.8644895323681145
2_5,2026-04-01,0.88110664003994
2_6,2023-01-01,0.9071000000000001
2_6,2023-02-01,0.9058846153846153
2_6,2023-03-01,0.844497435897436
2_6,2023-04-01,0.7064769230769231
2_6,2023-05-01,0.874476923076923
2_6,2023-06-01,0.8675692307692309
2_6,2023-07-01,0.8558179487179487
2_6,2023-08-01,0.8900358974358974
2_6,2023-09-01,0.8947538461538461
2_6,2023-10-01,0.8234923076923076
2_6,2023-11-01,0.8346636363636364
2_6,2023-12-01,0.7703048780487806
2_6,2024-01-01,0.5176454545454546
2_6,2024-02-01,0.8447153846153844
2_6,2024-03-01,0.8263307692307691
2_6,2024-04-01,0.8263307692307691
2_6,2024-05-01,0.7326435897435898
2_6,2024-06-01,0.7616743589743589
2_6,2024-07-01,0.7509999999999999
2_6,2024-08-01,0.5625589743589743
2_6,2024-09-01,0.8431358974358975
2_6,2024-10-01,0.8720179487179487
2_6,2024-11-01,0.849351282051282
2_6,2024-12-01,0.8179545454545456
2_6,2025-01-01,0.10435
2_6,2025-02-01,0.3017102564102564
2_6,2025-03-01,0.7097564102564102
2_6,2025-04-01,0.5448179487179486
2_6,2025-05-01,0.5959051282051282
2_6,2025-06-01,0.49386410256410257
2_6,2025-07-01,0.6166948717948717
2_6,2025-08-01,0.5547564102564103
2_6,2025-09-01,0.9068487179487178
2_6,2025-10-01,0.830679487179487
2_6,2025-11-01,0.2347818181818182
2_6,2025-12-01,0.7228318181818182
2_6,2026-01-01,0.15835454545454547
2_6,2026-02-01,0.40235128205128207
2_6,2026-03-01,0.8720564102564102
2_6,2026-04-01,0.832351282051282
3_0,2023-01-01,0.8085963113826656
3_0,2023-02-01,0.7438240825688074
3_0,2023-03-01,0.6929477293577982
3_0,2023-04-01,0.7107572935779818
3_0,2023-05-01,0.7891464678899084
3_0,2023-06-01,0.8119494954128443
3_0,2023-07-01,0.8451313761467889
3_0,2023-08-01,0.839831788990826
3_0,2023-09-01,0.8577241055045872
3_0,2023-10-01,0.8373244495412844
3_0,2023-11-01,0.8419216791129213
3_0,2023-12-01,0.8441809078771697
3_0,2024-01-01,0.8411099796334012
3_0,2024-02-01,0.7846768577981653
3_0,2024-03-01,0.7323331880733944
3_0,2024-04-01,0.7328420412844038
3_0,2024-05-01,0.7824903669724772
3_0,2024-06-01,0.7778960779816514
3_0,2024-07-01,0.8320962385321103
3_0,2024-08-01,0.8429648853211011
3_0,2024-09-01,0.8399581192660551
3_0,2024-10-01,0.8849616513761468
3_0,2024-11-01,0.8649627064220184
3_0,2024-12-01,0.8679920117673681
3_0,2025-01-01,0.8066373613939805
3_0,2025-02-01,0.7750284633027522
3_0,2025-03-01,0.7693445183486242
3_0,2025-04-01,0.7314365596330273
3_0,2025-05-01,0.8227062614678898
3_0,2025-06-01,0.8504657568807339
3_0,2025-07-01,0.8280678211009174
3_0,2025-08-01,0.8206158715596331
3_0,2025-09-01,0.8236306422018349
3_0,2025-10-01,0.8176707798165137
3_0,2025-11-01,0.8042883005204796
3_0,2025-12-01,0.8357689522516405
3_0,2026-01-01,0.8294615976465263
3_0,2026-02-01,0.7989322706422018
3_0,2026-03-01,0.7958406192660552
3_0,2026-04-01,0.7920634403669725
3_1,2023-01-01,0.8121850438763834
3_1,2023-02-01,0.8016824434274094
3_1,2023-03-01,0.7537178871090776
3_1,2023-04-01,0.7483334350368677
3_1,2023-05-01,0.8172940503432498
3_1,2023-06-01,0.8287295067378593
3_1,2023-07-01,0.8059217645563186
3_1,2023-08-01,0.8208670226290367
3_1,2023-09-01,0.7958675565725911
3_1,2023-10-01,0.7308469743198578
3_1,2023-11-01,0.8270449573953963
3_1,2023-12-01,0.8358085521185343
3_1,2024-01-01,0.845884484293527
3_1,2024-02-01,0.8329285659801678
3_1,2024-03-01,0.775280536486143
3_1,2024-04-01,0.7581443046020855
3_1,2024-05-01,0.7672752479023648
3_1,2024-06-01,0.7202514365624209
3_1,2024-07-01,0.8309101957793036
3_1,2024-08-01,0.8077649122807021
3_1,2024-09-01,0.7873630434782612
3_1,2024-10-01,0.7803278413424867
3_1,2024-11-01,0.7840227434528351
3_1,2024-12-01,0.8519458349230576
3_1,2025-01-01,0.8002082029759637
3_1,2025-02-01,0.7770974319857616
3_1,2025-03-01,0.7808340706839566
3_1,2025-04-01,0.7612735443681667
3_1,2025-05-01,0.8176495169082126
3_1,2025-06-01,0.8226718789727946
3_1,2025-07-01,0.7659972031528097
3_1,2025-08-01,0.7703817823544371
3_1,2025-09-01,0.8255434274091028
3_1,2025-10-01,0.7607067251461987
3_1,2025-11-01,0.7897136970621904
3_1,2025-12-01,0.8377890372631316
3_1,2026-01-01,0.8300096528042733
3_1,2026-02-01,0.8174125349605899
3_1,2026-03-01,0.8255178489702516
3_1,2026-04-01,0.8330754385964914
3_2,2023-01-01,0.8723886071010533
3_2,2023-02-01,0.848046357960458
3_2,2023-03-01,0.8351581425598332
3_2,2023-04-01,0.8042226847034336
3_2,2023-05-01,0.838234703433923
3_2,2023-06-01,0.8533039802289281
3_2,2023-07-01,0.8281474115504682
3_2,2023-08-01,0.8367092221644121
3_2,2023-09-01,0.82617732830385
3_2,2023-10-01,0.7965611342351716
3_2,2023-11-01,0.8467165171023541
3_2,2023-12-01,0.8809954857578839
3_2,2024-01-01,0.8721612953570035
3_2,2024-02-01,0.8674259755463058
3_2,2024-03-01,0.8221352627471384
3_2,2024-04-01,0.8253636446409991
3_2,2024-05-01,0.7769463449531737
3_2,2024-06-01,0.751072359521332
3_2,2024-07-01,0.8574856139438084
3_2,2024-08-01,0.7112783298647242
3_2,2024-09-01,0.7833314125910508
3_2,2024-10-01,0.8315393340270548
3_2,2024-11-01,0.8276197060353796
3_2,2024-12-01,0.8389678891923528
3_2,2025-01-01,0.8606466770711404
3_2,2025-02-01,0.8536453173777315
3_2,2025-03-01,0.84728290842872
3_2,2025-04-01,0.8005206035379813
3_2,2025-05-01,0.8396116805411029
3_2,2025-06-01,0.8351639958376691
3_2,2025-07-01,0.8413905176899064
3_2,2025-08-01,0.8199703694068678
3_2,2025-09-01,0.8689124609781477
3_2,2025-10-01,0.8064434053069719
3_2,2025-11-01,0.7516733255299779
3_2,2025-12-01,0.8635328781375993
3_2,2026-01-01,0.8728672779295096
3_2,2026-02-01,0.8553030957336111
3_2,2026-03-01,0.8689665972944846
3_2,2026-04-01,0.879269588969823
3_3,2023-01-01,0.8215472572753028
3_3,2023-02-01,0.8103089269612264
3_3,2023-03-01,0.7930113229421617
3_3,2023-04-01,0.7409449053201084
3_3,2023-05-01,0.8177275666623728
3_3,2023-06-01,0.8381217184078322
3_3,2023-07-01,0.7910276439520806
3_3,2023-08-01,0.8068751513590108
3_3,2023-09-01,0.8641225814762333
3_3,2023-10-01,0.7754497359268323
3_3,2023-11-01,0.8617487123358231
3_3,2023-12-01,0.8462593095269472
3_3,2024-01-01,0.8316081895441669
3_3,2024-02-01,0.8335412727038519
3_3,2024-03-01,0.7866073811670744
3_3,2024-04-01,0.7693809352054619
3_3,2024-05-01,0.7541572587917044
3_3,2024-06-01,0.7235470436686848
3_3,2024-07-01,0.7693801107819144
3_3,2024-08-01,0.7956134484091205
3_3,2024-09-01,0.832959049336597
3_3,2024-10-01,0.7914652711580578
3_3,2024-11-01,0.8096196573489631
3_3,2024-12-01,0.8362826036569665
3_3,2025-01-01,0.7967138037599795
3_3,2025-02-01,0.8195180085018678
3_3,2025-03-01,0.8035169522091975
3_3,2025-04-01,0.7624932757954401
3_3,2025-05-01,0.8321459616127789
3_3,2025-06-01,0.8253256215380652
3_3,2025-07-01,0.7929632873888963
3_3,2025-08-01,0.7864347674867964
3_3,2025-09-01,0.7899697410794797
3_3,2025-10-01,0.7645226330027053
3_3,2025-11-01,0.7089761138295135
3_3,2025-12-01,0.8534297321658515
3_3,2026-01-01,0.8105076358485708
3_3,2026-02-01,0.8004525054746879
3_3,2026-03-01,0.872848357593714
3_3,2026-04-01,0.853677173773026
3_4,2023-01-01,0.856685950305711
3_4,2023-02-01,0.839902445051372
3_4,2023-03-01,0.805669059695669
3_4,2023-04-01,0.770879724281441
3_4,2023-05-01,0.8260789699570813
3_4,2023-06-01,0.8320772792300689
3_4,2023-07-01,0.8258062426843544
3_4,2023-08-01,0.7743499284692416
3_4,2023-09-01,0.8230478865912343
3_4,2023-10-01,0.8300619846534012
3_4,2023-11-01,0.8623570573695852
3_4,2023-12-01,0.8635906142693627
3_4,2024-01-01,0.8436647586834918
3_4,2024-02-01,0.8477088958252045
3_4,2024-03-01,0.796619053192873
3_4,2024-04-01,0.804547743529718
3_4,2024-05-01,0.7200159968786579
3_4,2024-06-01,0.767231811679022
3_4,2024-07-01,0.7818167772142021
3_4,2024-08-01,0.8430284952529589
3_4,2024-09-01,0.8501934581870202
3_4,2024-10-01,0.8394382494472624
3_4,2024-11-01,0.8627538691637403
3_4,2024-12-01,0.8613990373357621
3_4,2025-01-01,0.8451685963314687
3_4,2025-02-01,0.8272172844323058
3_4,2025-03-01,0.8214669657952923
3_4,2025-04-01,0.7869319547405386
3_4,2025-05-01,0.8738808947847575
3_4,2025-06-01,0.805738951749252
3_4,2025-07-01,0.8462711796072311
3_4,2025-08-01,0.8950099492781892
3_4,2025-09-01,0.8533893744310052
3_4,2025-10-01,0.8681565743269605
3_4,2025-11-01,0.8552606478470146
3_4,2025-12-01,0.869341004292962
3_4,2026-01-01,0.8363990243267855
3_4,2026-02-01,0.8446159058395107
3_4,2026-03-01,0.8557715047470413
3_4,2026-04-01,0.8682293406164653
3_5,2023-01-01,0.841371965656303
3_5,2023-02-01,0.8363500381582294
3_5,2023-03-01,0.7918449631137114
3_5,2023-04-01,0.8234306664970746
3_5,2023-05-01,0.8638383871788351
3_5,2023-06-01,0.8554950648689901
3_5,2023-07-01,0.8053480920885272
3_5,2023-08-01,0.8198375349783772
3_5,2023-09-01,0.873648664461969
3_5,2023-10-01,0.8577411091325362
3_5,2023-11-01,0.8158771042018992
3_5,2023-12-01,0.8316919734616885
3_5,2024-01-01,0.8310795628984001
3_5,2024-02-01,0.8712424319511578
3_5,2024-03-01,0.8395810353599594
3_5,2024-04-01,0.8444484100737729
3_5,2024-05-01,0.6937850674128723
3_5,2024-06-01,0.7729578987534977
3_5,2024-07-01,0.7173379928771307
3_5,2024-08-01,0.8201654795217503
3_5,2024-09-01,0.8577170694479778
3_5,2024-10-01,0.8630074408547443
3_5,2024-11-01,0.8795780590180616
3_5,2024-12-01,0.8758304019773647
3_5,2025-01-01,0.6856804344998049
3_5,2025-02-01,0.7773320020351057
3_5,2025-03-01,0.845671699313152
3_5,2025-04-01,0.7980921521241415
3_5,2025-05-01,0.8559363520732642
3_5,2025-06-01,0.6393411091325363
3_5,2025-07-01,0.6589375095395574
3_5,2025-08-01,0.8502587891121852
3_5,2025-09-01,0.8600451157466296
3_5,2025-10-01,0.8609832485372679
3_5,2025-11-01,0.7640405749967478
3_5,2025-12-01,0.8867380252374142
3_5,2026-01-01,0.7595224274749576
3_5,2026-02-01,0.7384344950394304
3_5,2026-03-01,0.873644161790893
3_5,2026-04-01,0.8888020859832105
3_6,2023-01-01,0.7311250377073909
3_6,2023-02-01,0.6440587052168448
3_6,2023-03-01,0.8142935260842237
3_6,2023-04-01,0.734372878692646
3_6,2023-05-01,0.8746324324324326
3_6,2023-06-01,0.8634921433060968
3_6,2023-07-01,0.7539115964802008
3_6,2023-08-01,0.8372647077309865
3_6,2023-09-01,0.828621590194846
3_6,2023-10-01,0.79495744814582
3_6,2023-11-01,0.8629593966817497
3_6,2023-12-01,0.8221708179581797
3_6,2024-01-01,0.7660505580693817
3_6,2024-02-01,0.878758108108108
3_6,2024-03-01,0.8830032998114391
3_6,2024-04-01,0.8919535826524194
3_6,2024-05-01,0.5655288497800126
3_6,2024-06-01,0.8244380263984913
3_6,2024-07-01,0.8146804525455684
3_6,2024-08-01,0.8046957888120678
3_6,2024-09-01,0.8717134192331867
3_6,2024-10-01,0.874290414833438
3_6,2024-11-01,0.8818656191074798
3_6,2024-12-01,0.8764003016591253
3_6,2025-01-01,0.39306162895927593
3_6,2025-02-01,0.4890154934003771
3_6,2025-03-01,0.7316359208045256
3_6,2025-04-01,0.7085835952231301
3_6,2025-05-01,0.8439807982401004
3_6,2025-06-01,0.6505411062225017
3_6,2025-07-01,0.5129844123192961
3_6,2025-08-01,0.8394355122564422
3_6,2025-09-01,0.8885010999371464
3_6,2025-10-01,0.8805660276555625
3_6,2025-11-01,0.79860802413273
3_6,2025-12-01,0.8847092006033186
3_6,2026-01-01,0.44015915535444955
3_6,2026-02-01,0.4616399434318039
3_6,2026-03-01,0.8674933060967945
3_6,2026-04-01,0.8761061910747959
3_7,2023-01-01,0.8226658698539178
3_7,2023-02-01,0.7710651282051281
3_7,2023-03-01,0.5507255128205129
3_7,2023-04-01,0.8120483333333333
3_7,2023-05-01,0.8793748717948718
3_7,2023-06-01,0.877854358974359
3_7,2023-07-01,0.6140876923076923
3_7,2023-08-01,0.8326394871794871
3_7,2023-09-01,0.8800948717948718
3_7,2023-10-01,0.8858538461538461
3_7,2023-11-01,0.8889751660026562
3_7,2023-12-01,0.8216209809264307
3_7,2024-01-01,0.38915590969455516
3_7,2024-02-01,0.6561761538461538
3_7,2024-03-01,0.8924135897435898
3_7,2024-04-01,0.8924135897435898
3_7,2024-05-01,0.6366997435897437
3_7,2024-06-01,0.9202571794871794
3_7,2024-07-01,0.8970529487179487
3_7,2024-08-01,0.8726342307692307
3_7,2024-09-01,0.8805848717948719
3_7,2024-10-01,0.8907214102564104
3_7,2024-11-01,0.8647603846153845
3_7,2024-12-01,0.8618533864541835
3_7,2025-01-01,0.48427622841965473
3_7,2025-02-01,0.5041492307692307
3_7,2025-03-01,0.6969691025641026
3_7,2025-04-01,0.5895620512820513
3_7,2025-05-01,0.8973362820512821
3_7,2025-06-01,0.5125289743589743
3_7,2025-07-01,0.6106776923076923
3_7,2025-08-01,0.8695228205128205
3_7,2025-09-01,0.8475941025641026
3_7,2025-10-01,0.857388717948718
3_7,2025-11-01,0.9287887118193892
3_7,2025-12-01,0.9287887118193892
3_7,2026-01-01,0.43779216467463494
3_7,2026-02-01,0.3568321794871795
3_7,2026-03-01,0.8509937179487179
3_7,2026-04-01,0.9061485897435897
4_0,2023-01-01,0.8806359697023077
4_0,2023-02-01,0.8737139240506331
4_0,2023-03-01,0.8615668211802462
4_0,2023-04-01,0.8544999643430201
4_0,2023-05-01,0.8798506150829025
4_0,2023-06-01,0.8883892494205743
4_0,2023-07-01,0.8643420395792475
4_0,2023-08-01,0.779386414690676
4_0,2023-09-01,0.8109883401675881
4_0,2023-10-01,0.8829760206810482
4_0,2023-11-01,0.8494578474546416
4_0,2023-12-01,0.878601703459065
4_0,2024-01-01,0.8972145851682227
4_0,2024-02-01,0.8777711891602783
4_0,2024-03-01,0.8494336601889821
4_0,2024-04-01,0.8508732929220896
4_0,2024-05-01,0.8875206632198253
4_0,2024-06-01,0.7068072740238902
4_0,2024-07-01,0.8798390800499197
4_0,2024-08-01,0.8219514530219292
4_0,2024-09-01,0.8538368158316992
4_0,2024-10-01,0.8796093956141915
4_0,2024-11-01,0.7887657514708505
4_0,2024-12-01,0.8594058305443018
4_0,2025-01-01,0.834468839175621
4_0,2025-02-01,0.8201703868782316
4_0,2025-03-01,0.8409250490283473
4_0,2025-04-01,0.833628275985024
4_0,2025-05-01,0.8616925476912106
4_0,2025-06-01,0.8717015332501338
4_0,2025-07-01,0.8819525049028347
4_0,2025-08-01,0.8145176323765377
4_0,2025-09-01,0.8298013549652347
4_0,2025-10-01,0.7815717596719558
4_0,2025-11-01,0.7419680288884974
4_0,2025-12-01,0.8667395807644882
4_0,2026-01-01,0.8397060947683637
4_0,2026-02-01,0.8682020859333214
4_0,2026-03-01,0.8878326617935463
4_0,2026-04-01,0.889365555357461
4_1,2023-01-01,0.8889353546910761
4_1,2023-02-01,0.8883469937714507
4_1,2023-03-01,0.8803871742722768
4_1,2023-04-01,0.8740801067751369
4_1,2023-05-01,0.8850860938095846
4_1,2023-06-01,0.8911253972289311
4_1,2023-07-01,0.9029628956400153
4_1,2023-08-01,0.8747730392779968
4_1,2023-09-01,0.792343421888903
4_1,2023-10-01,0.8639150629210628
4_1,2023-11-01,0.8548833714721589
4_1,2023-12-01,0.8813681741390517
4_1,2024-01-01,0.8908650012712943
4_1,2024-02-01,0.8904679801703321
4_1,2024-03-01,0.8623485318418712
4_1,2024-04-01,0.8482691114783273
4_1,2024-05-01,0.8409000762679552
4_1,2024-06-01,0.6875544298970385
4_1,2024-07-01,0.869150247870853
4_1,2024-08-01,0.8497368882674464
4_1,2024-09-01,0.8702212787593748
4_1,2024-10-01,0.8211412990974961
4_1,2024-11-01,0.7460988432693533
4_1,2024-12-01,0.8835077167556574
4_1,2025-01-01,0.8643139715230107
4_1,2025-02-01,0.8533530062285498
4_1,2025-03-01,0.8550435362908355
4_1,2025-04-01,0.8439396339138177
4_1,2025-05-01,0.8753587771704593
4_1,2025-06-01,0.8492351849497903
4_1,2025-07-01,0.868928219143257
4_1,2025-08-01,0.8694072835896787
4_1,2025-09-01,0.858099097495869
4_1,2025-10-01,0.7857295156984876
4_1,2025-11-01,0.8041087337909995
4_1,2025-12-01,0.8699381006864992
4_1,2026-01-01,0.8674007627765068
4_1,2026-02-01,0.8805929325028603
4_1,2026-03-01,0.8900406508198808
4_1,2026-04-01,0.9105992627431042
4_2,2023-01-01,0.8923956827048111
4_2,2023-02-01,0.8803828954214358
4_2,2023-03-01,0.8641940296566075
4_2,2023-04-01,0.8549217481789799
4_2,2023-05-01,0.8585003642039543
4_2,2023-06-01,0.872862838189386
4_2,2023-07-01,0.8675312304890738
4_2,2023-08-01,0.8408967091571278
4_2,2023-09-01,0.7472940036420392
4_2,2023-10-01,0.8382794745057229
4_2,2023-11-01,0.8227117685305588
4_2,2023-12-01,0.8717698957538773
4_2,2024-01-01,0.8688755396618985
4_2,2024-02-01,0.8770862122788761
4_2,2024-03-01,0.8498757804370446
4_2,2024-04-01,0.8525570889698227
4_2,2024-05-01,0.7255376690946929
4_2,2024-06-01,0.655805450052029
4_2,2024-07-01,0.8578758975026012
4_2,2024-08-01,0.8420680020811653
4_2,2024-09-01,0.8604288501560869
4_2,2024-10-01,0.8456872008324657
4_2,2024-11-01,0.8302234001040579
4_2,2024-12-01,0.8556534200260076
4_2,2025-01-01,0.859467659297789
4_2,2025-02-01,0.8578246748178978
4_2,2025-03-01,0.8772428980228927
4_2,2025-04-01,0.8069412330905307
4_2,2025-05-01,0.9004405957336107
4_2,2025-06-01,0.7715102627471383
4_2,2025-07-01,0.8402231789802287
4_2,2025-08-01,0.8439312304890739
4_2,2025-09-01,0.8859251170655567
4_2,2025-10-01,0.7789119146722162
4_2,2025-11-01,0.6066283875162548
4_2,2025-12-01,0.8752988166449932
4_2,2026-01-01,0.8291174642392716
4_2,2026-02-01,0.870236888657648
4_2,2026-03-01,0.8696848074921956
4_2,2026-04-01,0.9082268600416233
4_3,2023-01-01,0.8792748537267872
4_3,2023-02-01,0.8580867209361485
4_3,2023-03-01,0.8525426609005343
4_3,2023-04-01,0.8472298270160266
4_3,2023-05-01,0.8606294072755027
4_3,2023-06-01,0.8728991986771816
4_3,2023-07-01,0.7996399771050626
4_3,2023-08-01,0.8131785296362248
4_3,2023-09-01,0.729617107606207
4_3,2023-10-01,0.6976764945306538
4_3,2023-11-01,0.8166258712795726
4_3,2023-12-01,0.8514075302380025
4_3,2024-01-01,0.860696972780463
4_3,2024-02-01,0.8802040066140931
4_3,2024-03-01,0.8481967565504961
4_3,2024-04-01,0.8241212541338083
4_3,2024-05-01,0.7315710887814805
4_3,2024-06-01,0.5401822182650726
4_3,2024-07-01,0.7780352709234294
4_3,2024-08-01,0.7688039175782244
4_3,2024-09-01,0.8132254133808191
4_3,2024-10-01,0.7892440727550244
4_3,2024-11-01,0.8490294708725519
4_3,2024-12-01,0.8737738997710508
4_3,2025-01-01,0.7501664970745362
4_3,2025-02-01,0.8258160391757821
4_3,2025-03-01,0.8442231111676419
4_3,2025-04-01,0.805532116509794
4_3,2025-05-01,0.8028623505469348
4_3,2025-06-01,0.7434274612058003
4_3,2025-07-01,0.7253397990333249
4_3,2025-08-01,0.7135473670821677
4_3,2025-09-01,0.8579934367845334
4_3,2025-10-01,0.8286295471890107
4_3,2025-11-01,0.5974172220808955
4_3,2025-12-01,0.874032459933859
4_3,2026-01-01,0.6503902696514879
4_3,2026-02-01,0.6797674383108625
4_3,2026-03-01,0.866838450775884
4_3,2026-04-01,0.8969453574154159
4_4,2023-01-01,0.8496736438142317
4_4,2023-02-01,0.8644570778037989
4_4,2023-03-01,0.8388407103825135
4_4,2023-04-01,0.8376030314858186
4_4,2023-05-01,0.8633217278168096
4_4,2023-06-01,0.8453398776997134
4_4,2023-07-01,0.769147358834244
4_4,2023-08-01,0.8414881602914388
4_4,2023-09-01,0.8734093156388238
4_4,2023-10-01,0.8613084569346862
4_4,2023-11-01,0.8562311174710548
4_4,2023-12-01,0.8122526837954719
4_4,2024-01-01,0.8578194614283856
4_4,2024-02-01,0.8778298985167835
4_4,2024-03-01,0.8521820712984645
4_4,2024-04-01,0.8644900338277386
4_4,2024-05-01,0.8226158469945354
4_4,2024-06-01,0.7561434426229507
4_4,2024-07-01,0.7932758001561281
4_4,2024-08-01,0.8152774785323966
4_4,2024-09-01,0.85451756440281
4_4,2024-10-01,0.8351062190996614
4_4,2024-11-01,0.8532394613583133
4_4,2024-12-01,0.8679697281123974
4_4,2025-01-01,0.809046845323273
4_4,2025-02-01,0.8135112802498049
4_4,2025-03-01,0.8695249674733281
4_4,2025-04-01,0.7646931693989066
4_4,2025-05-01,0.872611371324486
4_4,2025-06-01,0.7560243299505592
4_4,2025-07-01,0.758909185532136
4_4,2025-08-01,0.8889905932864947
4_4,2025-09-01,0.8532163804319544
4_4,2025-10-01,0.8921840359094458
4_4,2025-11-01,0.7993598933263949
4_4,2025-12-01,0.8760815402627811
4_4,2026-01-01,0.7659263952126967
4_4,2026-02-01,0.7310682149362479
4_4,2026-03-01,0.853696422066094
4_4,2026-04-01,0.8957117486338795
4_5,2023-01-01,0.8475117096018736
4_5,2023-02-01,0.8256474815568556
4_5,2023-03-01,0.7795727804629867
4_5,2023-04-01,0.8071801195624523
4_5,2023-05-01,0.862666064614602
4_5,2023-06-01,0.8434804375476981
4_5,2023-07-01,0.7375749554820656
4_5,2023-08-01,0.7329177944543375
4_5,2023-09-01,0.8316597812261511
4_5,2023-10-01,0.8405888196387687
4_5,2023-11-01,0.8134338407494149
4_5,2023-12-01,0.8286225995316158
4_5,2024-01-01,0.8181189695550353
4_5,2024-02-01,0.8629417196642075
4_5,2024-03-01,0.8518386924446704
4_5,2024-04-01,0.8543894301704401
4_5,2024-05-01,0.6507952683795472
4_5,2024-06-01,0.8241727168659374
4_5,2024-07-01,0.8336758585601628
4_5,2024-08-01,0.7291023530908165
4_5,2024-09-01,0.8423579496311372
4_5,2024-10-01,0.8521775248028491
4_5,2024-11-01,0.8470762401424575
4_5,2024-12-01,0.8661504813947436
4_5,2025-01-01,0.6628183060109292
4_5,2025-02-01,0.7874709615873822
4_5,2025-03-01,0.7569908038667007
4_5,2025-04-01,0.775380488425337
4_5,2025-05-01,0.8812596667514627
4_5,2025-06-01,0.5600575934876622
4_5,2025-07-01,0.628867667260239
4_5,2025-08-01,0.8481921012465021
4_5,2025-09-01,0.8500940727550244
4_5,2025-10-01,0.849486441109133
4_5,2025-11-01,0.8213921545667447
4_5,2025-12-01,0.863598607858444
4_5,2026-01-01,0.7466835675253708
4_5,2026-02-01,0.6749927753752226
4_5,2026-03-01,0.8648117908929026
4_5,2026-04-01,0.8874085601628084
4_6,2023-01-01,0.8241032522407172
4_6,2023-02-01,0.7434404246952422
4_6,2023-03-01,0.7500227552759212
4_6,2023-04-01,0.7524448813737057
4_6,2023-05-01,0.852289172892909
4_6,2023-06-01,0.8427567177873905
4_6,2023-07-01,0.6431046532966316
4_6,2023-08-01,0.634460872984664
4_6,2023-09-01,0.7766535456809546
4_6,2023-10-01,0.7921252326648319
4_6,2023-11-01,0.8608611139564663
4_6,2023-12-01,0.8839435690494492
4_6,2024-01-01,0.8023492061459666
4_6,2024-02-01,0.8667083235024251
4_6,2024-03-01,0.8557805348014158
4_6,2024-04-01,0.851845982435444
4_6,2024-05-01,0.6611607287980079
4_6,2024-06-01,0.8324373181281955
4_6,2024-07-01,0.8343695635076684
4_6,2024-08-01,0.7786157949927909
4_6,2024-09-01,0.8446193865513179
4_6,2024-10-01,0.8651098964477656
4_6,2024-11-01,0.8464725127801811
4_6,2024-12-01,0.8411833802816899
4_6,2025-01-01,0.44795058898847623
4_6,2025-02-01,0.6091156639140128
4_6,2025-03-01,0.7955068816358632
4_6,2025-04-01,0.7199843623017432
4_6,2025-05-01,0.8898650412898155
4_6,2025-06-01,0.7285311049941017
4_6,2025-07-01,0.4977196880325079
4_6,2025-08-01,0.8348657622230963
4_6,2025-09-01,0.858516660112728
4_6,2025-10-01,0.8781045615414866
4_6,2025-11-01,0.8938285787451984
4_6,2025-12-01,0.87836980793854
4_6,2026-01-01,0.46262539052496804
4_6,2026-02-01,0.43718432297811
4_6,2026-03-01,0.816817774282344
4_6,2026-04-01,0.8907635338838648
4_7,2023-01-01,0.7878174508636093
4_7,2023-02-01,0.7766564963503649
4_7,2023-03-01,0.7468654890510947
4_7,2023-04-01,0.6790078248175182
4_7,2023-05-01,0.839867591240876
4_7,2023-06-01,0.8321858686131387
4_7,2023-07-01,0.6761920583941606
4_7,2023-08-01,0.7323421313868611
4_7,2023-09-01,0.8363825985401457
4_7,2023-10-01,0.8227877080291972
4_7,2023-11-01,0.8496957415128051
4_7,2023-12-01,0.8447428007290397
4_7,2024-01-01,0.7778811494937462
4_7,2024-02-01,0.8445039416058396
4_7,2024-03-01,0.837256
4_7,2024-04-01,0.8430555328467153
4_7,2024-05-01,0.5671164671532847
4_7,2024-06-01,0.836961605839416
4_7,2024-07-01,0.8372212846715327
4_7,2024-08-01,0.8281545985401458
4_7,2024-09-01,0.8252756496350364
4_7,2024-10-01,0.8494098102189779
4_7,2024-11-01,0.8236849051094889
4_7,2024-12-01,0.8027020547945205
4_7,2025-01-01,0.49241477069684325
4_7,2025-02-01,0.6732037372262771
4_7,2025-03-01,0.6971599416058392
4_7,2025-04-01,0.8126408467153283
4_7,2025-05-01,0.8715306569343063
4_7,2025-06-01,0.7389378394160584
4_7,2025-07-01,0.5428940729927006
4_7,2025-08-01,0.8682941605839414
4_7,2025-09-01,0.8118989197080291
4_7,2025-10-01,0.868613226277372
4_7,2025-11-01,0.8925014592019057
4_7,2025-12-01,0.8516677188802857
4_7,2026-01-01,0.6232409172126265
4_7,2026-02-01,0.7324942189781022
4_7,2026-03-01,0.8397990948905107
4_7,2026-04-01,0.8685339270072991
5_0,2023-01-01,0.8807675438596492
5_0,2023-02-01,0.881440178041543
5_0,2023-03-01,0.8544403956478734
5_0,2023-04-01,0.8552874777448072
5_0,2023-05-01,0.8668645103857568
5_0,2023-06-01,0.8297827893175076
5_0,2023-07-01,0.8786604945598417
5_0,2023-08-01,0.7891077151335311
5_0,2023-09-01,0.7028086844708208
5_0,2023-10-01,0.6821181602373888
5_0,2023-11-01,0.853493723196881
5_0,2023-12-01,0.8628301135270348
5_0,2024-01-01,0.8794101754385966
5_0,2024-02-01,0.8590843719090009
5_0,2024-03-01,0.8399311572700295
5_0,2024-04-01,0.8479679525222551
5_0,2024-05-01,0.8911650642927796
5_0,2024-06-01,0.6298713550939665
5_0,2024-07-01,0.8688018793273987
5_0,2024-08-01,0.6855070623145402
5_0,2024-09-01,0.7274357467853613
5_0,2024-10-01,0.6327962809099902
5_0,2024-11-01,0.7543699307616223
5_0,2024-12-01,0.8691182261208579
5_0,2025-01-01,0.8455395321637428
5_0,2025-02-01,0.8472875568743816
5_0,2025-03-01,0.8474151533135509
5_0,2025-04-01,0.8365104846686449
5_0,2025-05-01,0.8292705440158259
5_0,2025-06-01,0.8672262116716124
5_0,2025-07-01,0.8933308209693375
5_0,2025-08-01,0.8729283481701287
5_0,2025-09-01,0.8685610089020773
5_0,2025-10-01,0.6789046488625122
5_0,2025-11-01,0.47551286549707605
5_0,2025-12-01,0.8637561403508772
5_0,2026-01-01,0.8422717153996101
5_0,2026-02-01,0.8601149159248268
5_0,2026-03-01,0.890811810089021
5_0,2026-04-01,0.8883936498516322
5_1,2023-01-01,0.8839285750603791
5_1,2023-02-01,0.884450190694127
5_1,2023-03-01,0.8659811594202902
5_1,2023-04-01,0.8591688278667686
5_1,2023-05-01,0.8807748665141115
5_1,2023-06-01,0.8801327612509535
5_1,2023-07-01,0.8350681922196798
5_1,2023-08-01,0.8350190821256043
5_1,2023-09-01,0.8024799389778798
5_1,2023-10-01,0.8147668954996188
5_1,2023-11-01,0.7352314859539855
5_1,2023-12-01,0.8670030929174791
5_1,2024-01-01,0.8676725054023138
5_1,2024-02-01,0.8795033053648618
5_1,2024-03-01,0.8522019196542083
5_1,2024-04-01,0.8549883040935676
5_1,2024-05-01,0.8708357233663869
5_1,2024-06-01,0.7840375540300029
5_1,2024-07-01,0.8192171370455128
5_1,2024-08-01,0.8070912026442918
5_1,2024-09-01,0.8536087210780573
5_1,2024-10-01,0.8322262395118233
5_1,2024-11-01,0.6787746503941013
5_1,2024-12-01,0.8211557772975724
5_1,2025-01-01,0.7420384898944962
5_1,2025-02-01,0.7987096491228072
5_1,2025-03-01,0.8461347953216375
5_1,2025-04-01,0.8285738367658279
5_1,2025-05-01,0.707189918637173
5_1,2025-06-01,0.7888753241800155
5_1,2025-07-01,0.8241863463005341
5_1,2025-08-01,0.8411425502161204
5_1,2025-09-01,0.8409402364607171
5_1,2025-10-01,0.7332625222476484
5_1,2025-11-01,0.7251412482521926
5_1,2025-12-01,0.8672769797889922
5_1,2026-01-01,0.8142655904410833
5_1,2026-02-01,0.830495919145691
5_1,2026-03-01,0.8795044622425632
5_1,2026-04-01,0.9021299135519965
5_2,2023-01-01,0.828061909717705
5_2,2023-02-01,0.8759734651404787
5_2,2023-03-01,0.8691910900104058
5_2,2023-04-01,0.8530314516129033
5_2,2023-05-01,0.8606742065556708
5_2,2023-06-01,0.869055463059313
5_2,2023-07-01,0.8613768210197708
5_2,2023-08-01,0.8551188215400625
5_2,2023-09-01,0.8427312695109259
5_2,2023-10-01,0.8474542013527576
5_2,2023-11-01,0.854962247951086
5_2,2023-12-01,0.8845829624920536
5_2,2024-01-01,0.8577012878886434
5_2,2024-02-01,0.8832871227887614
5_2,2024-03-01,0.8463468132154004
5_2,2024-04-01,0.8544145551508844
5_2,2024-05-01,0.8762175078043702
5_2,2024-06-01,0.8431700832466179
5_2,2024-07-01,0.7775767950052029
5_2,2024-08-01,0.8250984001040582
5_2,2024-09-01,0.8502730359001038
5_2,2024-10-01,0.8514377991675334
5_2,2024-11-01,0.8440661940686783
5_2,2024-12-01,0.8412606348380385
5_2,2025-01-01,0.7950995576948091
5_2,2025-02-01,0.8142662200832466
5_2,2025-03-01,0.8450347294484912
5_2,2025-04-01,0.8245556321540063
5_2,2025-05-01,0.8951601716961499
5_2,2025-06-01,0.7638111992715917
5_2,2025-07-01,0.7853973465140479
5_2,2025-08-01,0.8723651664932361
5_2,2025-09-01,0.8574561784599375
5_2,2025-10-01,0.8459801899063474
5_2,2025-11-01,0.8684195524912192
5_2,2025-12-01,0.8401037726030962
5_2,2026-01-01,0.7674689866007546
5_2,2026-02-01,0.8189423257023931
5_2,2026-03-01,0.8611203433922998
5_2,2026-04-01,0.9114019510926117
5_3,2023-01-01,0.8606792800814043
5_3,2023-02-01,0.8620529688493326
5_3,2023-03-01,0.8399459376986651
5_3,2023-04-01,0.8406162237762238
5_3,2023-05-01,0.869906026700572
5_3,2023-06-01,0.8648637635092181
5_3,2023-07-01,0.8032967196439925
5_3,2023-08-01,0.7560730069930067
5_3,2023-09-01,0.8328759059122695
5_3,2023-10-01,0.8286683661792753
5_3,2023-11-01,0.7502677944543376
5_3,2023-12-01,0.8835616755561341
5_3,2024-01-01,0.860067896209616
5_3,2024-02-01,0.8783475270184361
5_3,2024-03-01,0.852282110616656
5_3,2024-04-01,0.8487185123966944
5_3,2024-05-01,0.739741093452003
5_3,2024-06-01,0.5500829497774953
5_3,2024-07-01,0.6714644628099177
5_3,2024-08-01,0.7548069294342022
5_3,2024-09-01,0.8470238143674508
5_3,2024-10-01,0.8450131849968215
5_3,2024-11-01,0.8585747234583601
5_3,2024-12-01,0.8799512592215724
5_3,2025-01-01,0.7149197023658103
5_3,2025-02-01,0.8074721678321681
5_3,2025-03-01,0.845040673871583
5_3,2025-04-01,0.8363531595677055
5_3,2025-05-01,0.8501968722186903
5_3,2025-06-01,0.7927521932612839
5_3,2025-07-01,0.7245342784488241
5_3,2025-08-01,0.7000954100445009
5_3,2025-09-01,0.8477469548633185
5_3,2025-10-01,0.868731023521933
5_3,2025-11-01,0.7338649834647675
5_3,2025-12-01,0.8279893029763419
5_3,2026-01-01,0.7046913889595522
5_3,2026-02-01,0.7332606865861412
5_3,2026-03-01,0.8779428734901461
5_3,2026-04-01,0.8901995804195804
5_4,2023-01-01,0.849243743496358
5_4,2023-02-01,0.8546709807492195
5_4,2023-03-01,0.794729123309053
5_4,2023-04-01,0.8571760796045781
5_4,2023-05-01,0.8620769771071801
5_4,2023-06-01,0.8608583506763786
5_4,2023-07-01,0.6495417013527575
5_4,2023-08-01,0.7676133454734648
5_4,2023-09-01,0.7921878902185223
5_4,2023-10-01,0.7779612513007281
5_4,2023-11-01,0.694709170135276
5_4,2023-12-01,0.8349107324516785
5_4,2024-01-01,0.8431490244536941
5_4,2024-02-01,0.8815104188345472
5_4,2024-03-01,0.8294899453694069
5_4,2024-04-01,0.8384288241415191
5_4,2024-05-01,0.7108523673257021
5_4,2024-06-01,0.6269770551508843
5_4,2024-07-01,0.6347708246618108
5_4,2024-08-01,0.6565329864724246
5_4,2024-09-01,0.8455681971904266
5_4,2024-10-01,0.8621361342351717
5_4,2024-11-01,0.8438756113423517
5_4,2024-12-01,0.8637345083246618
5_4,2025-01-01,0.6944454994797087
5_4,2025-02-01,0.7243976977107179
5_4,2025-03-01,0.8002693158168572
5_4,2025-04-01,0.7085624349635795
5_4,2025-05-01,0.8128180671175858
5_4,2025-06-01,0.7372811654526532
5_4,2025-07-01,0.5051607310093652
5_4,2025-08-01,0.7648859781477626
5_4,2025-09-01,0.8672013917793961
5_4,2025-10-01,0.8699449271592091
5_4,2025-11-01,0.6377071149843913
5_4,2025-12-01,0.8023269250780437
5_4,2026-01-01,0.5131084417273674
5_4,2026-02-01,0.5305573881373568
5_4,2026-03-01,0.8520425988553588
5_4,2026-04-01,0.8807425598335066
5_5,2023-01-01,0.8040995707037859
5_5,2023-02-01,0.8094854272634794
5_5,2023-03-01,0.8139537258392677
5_5,2023-04-01,0.8455017293997965
5_5,2023-05-01,0.8636456892166838
5_5,2023-06-01,0.8210502543234997
5_5,2023-07-01,0.645782451678535
5_5,2023-08-01,0.8168382121057988
5_5,2023-09-01,0.8143051119023399
5_5,2023-10-01,0.8096419633774162
5_5,2023-11-01,0.8613903213217122
5_5,2023-12-01,0.8854594900481333
5_5,2024-01-01,0.8157140236763368
5_5,2024-02-01,0.8547272507629706
5_5,2024-03-01,0.8452061673448626
5_5,2024-04-01,0.8315480925737538
5_5,2024-05-01,0.8127780900305189
5_5,2024-06-01,0.8315774415055951
5_5,2024-07-01,0.7883333036622584
5_5,2024-08-01,0.7520404501525944
5_5,2024-09-01,0.8500809257375382
5_5,2024-10-01,0.8500256485249238
5_5,2024-11-01,0.8518509028484232
5_5,2024-12-01,0.8226230909327438
5_5,2025-01-01,0.5348949264992845
5_5,2025-02-01,0.698637589013225
5_5,2025-03-01,0.7857988809766022
5_5,2025-04-01,0.7509260681586978
5_5,2025-05-01,0.8328205493387589
5_5,2025-06-01,0.7690382121057987
5_5,2025-07-01,0.6604800737538151
5_5,2025-08-01,0.8424010300101732
5_5,2025-09-01,0.8319846515768056
5_5,2025-10-01,0.8638334689725333
5_5,2025-11-01,0.7996861454403538
5_5,2025-12-01,0.8311896188369974
5_5,2026-01-01,0.6921545596461559
5_5,2026-02-01,0.6548783316378434
5_5,2026-03-01,0.8441124618514754
5_5,2026-04-01,0.8934723168870806
5_6,2023-01-01,0.6082253816793892
5_6,2023-02-01,0.5744182717334724
5_6,2023-03-01,0.6019732040603853
5_6,2023-04-01,0.7392725273295159
5_6,2023-05-01,0.8405356064549717
5_6,2023-06-01,0.8329357756376888
5_6,2023-07-01,0.5180666059344092
5_6,2023-08-01,0.62209889380531
5_6,2023-09-01,0.8289387948984905
5_6,2023-10-01,0.7872886387298285
5_6,2023-11-01,0.8126163613231548
5_6,2023-12-01,0.8513480152671751
5_6,2024-01-01,0.811586768447837
5_6,2024-02-01,0.8585991020301929
5_6,2024-03-01,0.8147288651743884
5_6,2024-04-01,0.798892334721499
5_6,2024-05-01,0.5180910333159816
5_6,2024-06-01,0.8358330817282668
5_6,2024-07-01,0.8372753904216557
5_6,2024-08-01,0.7402898230088497
5_6,2024-09-01,0.8451651353461742
5_6,2024-10-01,0.8394769911504427
5_6,2024-11-01,0.8642762103071319
5_6,2024-12-01,0.8349567430025443
5_6,2025-01-01,0.3039120610687021
5_6,2025-02-01,0.4621670353982303
5_6,2025-03-01,0.573969117647059
5_6,2025-04-01,0.6300669833420097
5_6,2025-05-01,0.8504268219677253
5_6,2025-06-01,0.6636235294117647
5_6,2025-07-01,0.4517194560124937
5_6,2025-08-01,0.8288625455491935
5_6,2025-09-01,0.8609381962519523
5_6,2025-10-01,0.8589589927121296
5_6,2025-11-01,0.8518255725190842
5_6,2025-12-01,0.8800745674300253
5_6,2026-01-01,0.46055529262086503
5_6,2026-02-01,0.29926119208745455
5_6,2026-03-01,0.7925929984383133
5_6,2026-04-01,0.8370190525767832
5_7,2023-01-01,0.6844969077306733
5_7,2023-02-01,0.6899031340405014
5_7,2023-03-01,0.6393700096432013
5_7,2023-04-01,0.7111842815814851
5_7,2023-05-01,0.8532078109932496
5_7,2023-06-01,0.8457023143683703
5_7,2023-07-01,0.7435775313404048
5_7,2023-08-01,0.7328439247830278
5_7,2023-09-01,0.8632671648987464
5_7,2023-10-01,0.8477748794599805
5_7,2023-11-01,0.9042535162094764
5_7,2023-12-01,0.8430395865633076
5_7,2024-01-01,0.7547113715710722
5_7,2024-02-01,0.848449469623915
5_7,2024-03-01,0.8355644165863065
5_7,2024-04-01,0.8288335583413692
5_7,2024-05-01,0.4936109932497588
5_7,2024-06-01,0.8488337994214079
5_7,2024-07-01,0.7986779170684667
5_7,2024-08-01,0.7565704918032785
5_7,2024-09-01,0.854900482160077
5_7,2024-10-01,0.8500383799421408
5_7,2024-11-01,0.8748008678881387
5_7,2024-12-01,0.8338671820448876
5_7,2025-01-01,0.377463740648379
5_7,2025-02-01,0.5571726615236258
5_7,2025-03-01,0.6072551108968177
5_7,2025-04-01,0.7795073288331725
5_7,2025-05-01,0.8483675506268081
5_7,2025-06-01,0.707945419479267
5_7,2025-07-01,0.5652803278688524
5_7,2025-08-01,0.8547426711668272
5_7,2025-09-01,0.8507724204435871
5_7,2025-10-01,0.8722377049180327
5_7,2025-11-01,0.9254634413965088
5_7,2025-12-01,0.886141396508728
5_7,2026-01-01,0.5947350623441396
5_7,2026-02-01,0.4880021215043394
5_7,2026-03-01,0.8337556412729026
5_7,2026-04-01,0.8586470106075217
6_0,2023-01-01,0.8486483173076924
6_0,2023-02-01,0.8565899753997541
6_0,2023-03-01,0.8239178966789668
6_0,2023-04-01,0.8067648216482164
6_0,2023-05-01,0.8671361623616237
6_0,2023-06-01,0.8465271217712178
6_0,2023-07-01,0.8265640221402214
6_0,2023-08-01,0.8392232472324727
6_0,2023-09-01,0.5164015375153753
6_0,2023-10-01,0.5617051045510455
6_0,2023-11-01,0.8447524639423075
6_0,2023-12-01,0.8267877977919812
6_0,2024-01-01,0.818639002403846
6_0,2024-02-01,0.8212901599015993
6_0,2024-03-01,0.7905178966789668
6_0,2024-04-01,0.8031563960639609
6_0,2024-05-01,0.8357908364083642
6_0,2024-06-01,0.46053364083640846
6_0,2024-07-01,0.848039298892989
6_0,2024-08-01,0.7651148216482165
6_0,2024-09-01,0.7872162976629768
6_0,2024-10-01,0.356659409594096
6_0,2024-11-01,0.73959889298893
6_0,2024-12-01,0.864056971153846
6_0,2025-01-01,0.8370233173076921
6_0,2025-02-01,0.8186882533825339
6_0,2025-03-01,0.8184150061500616
6_0,2025-04-01,0.8074723862238623
6_0,2025-05-01,0.7870504305043049
6_0,2025-06-01,0.8633461254612547
6_0,2025-07-01,0.8646004305043052
6_0,2025-08-01,0.8326377613776139
6_0,2025-09-01,0.8398865928659287
6_0,2025-10-01,0.536930504305043
6_0,2025-11-01,0.4901790264423076
6_0,2025-12-01,0.8347884014423074
6_0,2026-01-01,0.8669469951923076
6_0,2026-02-01,0.8423808118081181
6_0,2026-03-01,0.8674324108241083
6_0,2026-04-01,0.8458881918819187
6_1,2023-01-01,0.8086829960071601
6_1,2023-02-01,0.8316042058660765
6_1,2023-03-01,0.7334159241837303
6_1,2023-04-01,0.8073520475926952
6_1,2023-05-01,0.8105353348090761
6_1,2023-06-01,0.6838013143331492
6_1,2023-07-01,0.6008541090204759
6_1,2023-08-01,0.8153432761483124
6_1,2023-09-01,0.6019038184836747
6_1,2023-10-01,0.6210275318206976
6_1,2023-11-01,0.5609550048189454
6_1,2023-12-01,0.8016433136261261
6_1,2024-01-01,0.817753187388132
6_1,2024-02-01,0.8339266740453791
6_1,2024-03-01,0.797858204205866
6_1,2024-04-01,0.8065679717764254
6_1,2024-05-01,0.8246836330935257
6_1,2024-06-01,0.6474314056447149
6_1,2024-07-01,0.698969784172662
6_1,2024-08-01,0.6789527808522414
6_1,2024-09-01,0.7992700885445493
6_1,2024-10-01,0.682560030437189
6_1,2024-11-01,0.6289876175982293
6_1,2024-12-01,0.7364801597136172
6_1,2025-01-01,0.5933831887649733
6_1,2025-02-01,0.6764814886552296
6_1,2025-03-01,0.7920397343663533
6_1,2025-04-01,0.7313887382401772
6_1,2025-05-01,0.6666760514665192
6_1,2025-06-01,0.677201383508578
6_1,2025-07-01,0.5428498339789709
6_1,2025-08-01,0.6615224266740456
6_1,2025-09-01,0.7650147758716108
6_1,2025-10-01,0.7295158688433869
6_1,2025-11-01,0.7836527743356742
6_1,2025-12-01,0.8201314057551977
6_1,2026-01-01,0.6855923585295335
6_1,2026-02-01,0.42669645821804114
6_1,2026-03-01,0.8285062534587718
6_1,2026-04-01,0.8355782927504152
6_2,2023-01-01,0.8599103107528279
6_2,2023-02-01,0.856792602704108
6_2,2023-03-01,0.8585955668226729
6_2,2023-04-01,0.845054628185127
6_2,2023-05-01,0.8421985309412375
6_2,2023-06-01,0.8246864144565781
6_2,2023-07-01,0.7972846853874151
6_2,2023-08-01,0.824180785231409
6_2,2023-09-01,0.6927617524700986
6_2,2023-10-01,0.8030544201768066
6_2,2023-11-01,0.8589191002470419
6_2,2023-12-01,0.8531425918860485
6_2,2024-01-01,0.82261003770641
6_2,2024-02-01,0.8735011700468017
6_2,2024-03-01,0.8361370384815392
6_2,2024-04-01,0.8402727899115962
6_2,2024-05-01,0.8697390275611023
6_2,2024-06-01,0.8479594643785751
6_2,2024-07-01,0.8058694097763908
6_2,2024-08-01,0.8212999479979197
6_2,2024-09-01,0.8348110114404577
6_2,2024-10-01,0.8670420306812272
6_2,2024-11-01,0.8580742589703586
6_2,2024-12-01,0.8454391106488102
6_2,2025-01-01,0.6484366662332599
6_2,2025-02-01,0.8218309932397294
6_2,2025-03-01,0.8701316302652103
6_2,2025-04-01,0.8067151846073843
6_2,2025-05-01,0.8717187987519499
6_2,2025-06-01,0.8418004160166405
6_2,2025-07-01,0.7017336193447735
6_2,2025-08-01,0.810238819552782
6_2,2025-09-01,0.8609979459178365
6_2,2025-10-01,0.8585729069162765
6_2,2025-11-01,0.8851832661552459
6_2,2025-12-01,0.8793736445195681
6_2,2026-01-01,0.7905300221037577
6_2,2026-02-01,0.7478865704628184
6_2,2026-03-01,0.8631519760790431
6_2,2026-04-01,0.895995631825273
6_3,2023-01-01,0.7791537395064871
6_3,2023-02-01,0.8253514816227904
6_3,2023-03-01,0.7727834923057358
6_3,2023-04-01,0.8588198397558185
6_3,2023-05-01,0.8613291237441179
6_3,2023-06-01,0.842287015134173
6_3,2023-07-01,0.7635049345033705
6_3,2023-08-01,0.8060842935266437
6_3,2023-09-01,0.818858450972911
6_3,2023-10-01,0.8517429607020223
6_3,2023-11-01,0.830412604935131
6_3,2023-12-01,0.8614202653485957
6_3,2024-01-01,0.8721300178071736
6_3,2024-02-01,0.8734967951163677
6_3,2024-03-01,0.8301421849166987
6_3,2024-04-01,0.8391605239730384
6_3,2024-05-01,0.7856332697443724
6_3,2024-06-01,0.696299923693247
6_3,2024-07-01,0.7497537326720084
6_3,2024-08-01,0.7750017041841539
6_3,2024-09-01,0.8554910339565053
6_3,2024-10-01,0.8561376573826782
6_3,2024-11-01,0.8735279155538599
6_3,2024-12-01,0.8873582421775631
6_3,2025-01-01,0.7174966547952176
6_3,2025-02-01,0.7539806053669085
6_3,2025-03-01,0.8351782525753534
6_3,2025-04-01,0.8425007376319474
6_3,2025-05-01,0.8859020348467509
6_3,2025-06-01,0.7008515197761672
6_3,2025-07-01,0.6244052015770063
6_3,2025-08-01,0.739183962864047
6_3,2025-09-01,0.8641798168637925
6_3,2025-10-01,0.881287549281445
6_3,2025-11-01,0.7933236708216741
6_3,2025-12-01,0.8240587000763167
6_3,2026-01-01,0.7797385779699824
6_3,2026-02-01,0.7486071982703802
6_3,2026-03-01,0.8657648225867991
6_3,2026-04-01,0.8841396032048838
6_4,2023-01-01,0.7765132448607858
6_4,2023-02-01,0.710886043184183
6_4,2023-03-01,0.7704198491155044
6_4,2023-04-01,0.8446747918834551
6_4,2023-05-01,0.8556819068678458
6_4,2023-06-01,0.8410358090530697
6_4,2023-07-01,0.5674747918834547
6_4,2023-08-01,0.8280975286160247
6_4,2023-09-01,0.7676369797086368
6_4,2023-10-01,0.8309081295525492
6_4,2023-11-01,0.7127206088992976
6_4,2023-12-01,0.7141815592013224
6_4,2024-01-01,0.8307118266978918
6_4,2024-02-01,0.8774027315296565
6_4,2024-03-01,0.8468746618106138
6_4,2024-04-01,0.8517007414151926
6_4,2024-05-01,0.730252276274714
6_4,2024-06-01,0.694206230489074
6_4,2024-07-01,0.6631995837669095
6_4,2024-08-01,0.7290175208116544
6_4,2024-09-01,0.8617200832466181
6_4,2024-10-01,0.8706912591050986
6_4,2024-11-01,0.8609563475546305
6_4,2024-12-01,0.8718179937548789
6_4,2025-01-01,0.5120452641165755
6_4,2025-02-01,0.5968873569198749
6_4,2025-03-01,0.8153244146722161
6_4,2025-04-01,0.7373890998959415
6_4,2025-05-01,0.8435424427679498
6_4,2025-06-01,0.5357607830385015
6_4,2025-07-01,0.5280326482830385
6_4,2025-08-01,0.7582491545265349
6_4,2025-09-01,0.8686117195629552
6_4,2025-10-01,0.8662519120707595
6_4,2025-11-01,0.6047148972157168
6_4,2025-12-01,0.760863791308873
6_4,2026-01-01,0.5831680848295603
6_4,2026-02-01,0.5090268080124871
6_4,2026-03-01,0.8489783558792923
6_4,2026-04-01,0.8919558272632676
6_5,2023-01-01,0.6301999349466563
6_5,2023-02-01,0.6562648091603055
6_5,2023-03-01,0.8068988040712469
6_5,2023-04-01,0.8317697964376591
6_5,2023-05-01,0.8424287277353689
6_5,2023-06-01,0.8065398091603055
6_5,2023-07-01,0.6267936005089059
6_5,2023-08-01,0.799184134860051
6_5,2023-09-01,0.8085167430025446
6_5,2023-10-01,0.7956147582697203
6_5,2023-11-01,0.8466820192557896
6_5,2023-12-01,0.8604626675341575
6_5,2024-01-01,0.7751447176684881
6_5,2024-02-01,0.8688073791348603
6_5,2024-03-01,0.8221521374045802
6_5,2024-04-01,0.8174989821882951
6_5,2024-05-01,0.8178578117048347
6_5,2024-06-01,0.7680479643765906
6_5,2024-07-01,0.6744812340966923
6_5,2024-08-01,0.7589667938931297
6_5,2024-09-01,0.8588011577608141
6_5,2024-10-01,0.8574848091603055
6_5,2024-11-01,0.860701259541985
6_5,2024-12-01,0.8428084959666926
6_5,2025-01-01,0.5184737184491283
6_5,2025-02-01,0.665850127226463
6_5,2025-03-01,0.7219486386768451
6_5,2025-04-01,0.6240949109414757
6_5,2025-05-01,0.8180641857506363
6_5,2025-06-01,0.7320263358778626
6_5,2025-07-01,0.7384918956743003
6_5,2025-08-01,0.8082018956743002
6_5,2025-09-01,0.8530828117048347
6_5,2025-10-01,0.860337989821883
6_5,2025-11-01,0.8642518995576373
6_5,2025-12-01,0.8539871975019521
6_5,2026-01-01,0.5776227816809784
6_5,2026-02-01,0.47806417302799
6_5,2026-03-01,0.8406936641221372
6_5,2026-04-01,0.8851072010178117
6_6,2023-01-01,0.512333454451077
6_6,2023-02-01,0.6022405240868187
6_6,2023-03-01,0.7149496823716254
6_6,2023-04-01,0.7838894653255692
6_6,2023-05-01,0.8395822525145581
6_6,2023-06-01,0.8234363816834304
6_6,2023-07-01,0.6172190974060353
6_6,2023-08-01,0.6859893329804133
6_6,2023-09-01,0.842715682901006
6_6,2023-10-01,0.8484418475383803
6_6,2023-11-01,0.8669596029068257
6_6,2023-12-01,0.8261404690553744
6_6,2024-01-01,0.7905147547365688
6_6,2024-02-01,0.8618449576495503
6_6,2024-03-01,0.8378923901535204
6_6,2024-04-01,0.8338937533086289
6_6,2024-05-01,0.7550809290629961
6_6,2024-06-01,0.8717371625198521
6_6,2024-07-01,0.8097022895712017
6_6,2024-08-01,0.7746916622551617
6_6,2024-09-01,0.85937306776072
6_6,2024-10-01,0.8524316834303868
6_6,2024-11-01,0.8706545923769191
6_6,2024-12-01,0.8287236958214378
6_6,2025-01-01,0.5144542045159614
6_6,2025-02-01,0.6791194679724726
6_6,2025-03-01,0.7872291291688727
6_6,2025-04-01,0.6992908946532559
6_6,2025-05-01,0.8723435018528323
6_6,2025-06-01,0.5407019984118582
6_6,2025-07-01,0.6044030836421386
6_6,2025-08-01,0.842041199047115
6_6,2025-09-01,0.8417895976707254
6_6,2025-10-01,0.8652425489677078
6_6,2025-11-01,0.8411275499610691
6_6,2025-12-01,0.8095269530236179
6_6,2026-01-01,0.31424570464573054
6_6,2026-02-01,0.39044655902593967
6_6,2026-03-01,0.8011223530968767
6_6,2026-04-01,0.8722531762837484
6_7,2023-01-01,0.49510220125786164
6_7,2023-02-01,0.5376128133704736
6_7,2023-03-01,0.45084150417827307
6_7,2023-04-01,0.7489986072423399
6_7,2023-05-01,0.8304880222841226
6_7,2023-06-01,0.8248610027855154
6_7,2023-07-01,0.7290986072423399
6_7,2023-08-01,0.3432320334261839
6_7,2023-09-01,0.6102643454038997
6_7,2023-10-01,0.8627612813370473
6_7,2023-11-01,0.8649421383647798
6_7,2023-12-01,0.8906885714285714
6_7,2024-01-01,0.8800103773584907
6_7,2024-02-01,0.8444818941504177
6_7,2024-03-01,0.8618626740947075
6_7,2024-04-01,0.8618626740947075
6_7,2024-05-01,0.7266696378830084
6_7,2024-06-01,0.8382582172701951
6_7,2024-07-01,0.8331746518105851
6_7,2024-08-01,0.6484116991643455
6_7,2024-09-01,0.8664155988857939
6_7,2024-10-01,0.8343676880222842
6_7,2024-11-01,0.9215437325905292
6_7,2024-12-01,0.8416062893081763
6_7,2025-01-01,0.34403742138364785
6_7,2025-02-01,0.41949303621169914
6_7,2025-03-01,0.5483387186629526
6_7,2025-04-01,0.48655097493036226
6_7,2025-05-01,0.9005144846796659
6_7,2025-06-01,0.5912933147632313
6_7,2025-07-01,0.7282342618384401
6_7,2025-08-01,0.8395788300835655
6_7,2025-09-01,0.8774019498607244
6_7,2025-10-01,0.8438974930362119
6_7,2025-11-01,0.9034685534591196
6_7,2025-12-01,0.8677345911949688
6_7,2026-01-01,0.5071672955974843
6_7,2026-02-01,0.50976573816156
6_7,2026-03-01,0.8599807799442897
6_7,2026-04-01,0.8565657381615601
7_1,2023-01-01,0.7399772237196763
7_1,2023-02-01,0.7653285515320335
7_1,2023-03-01,0.8309889972144848
7_1,2023-04-01,0.8094555710306409
7_1,2023-05-01,0.8103211699164348
7_1,2023-06-01,0.6797501392757661
7_1,2023-07-01,0.4992813370473537
7_1,2023-08-01,0.7998210306406686
7_1,2023-09-01,0.5167385793871868
7_1,2023-10-01,0.6123193593314763
7_1,2023-11-01,0.8110268194070082
7_1,2023-12-01,0.8260900420757363
7_1,2024-01-01,0.8037243935309973
7_1,2024-02-01,0.8472463788300838
7_1,2024-03-01,0.8123796657381617
7_1,2024-04-01,0.843540947075209
7_1,2024-05-01,0.8497844011142062
7_1,2024-06-01,0.4554434540389973
7_1,2024-07-01,0.6239118384401113
7_1,2024-08-01,0.7486182451253484
7_1,2024-09-01,0.822933426183844
7_1,2024-10-01,0.7918364902506964
7_1,2024-11-01,0.6334311977715879
7_1,2024-12-01,0.8263409703504043
7_1,2025-01-01,0.5799239892183288
7_1,2025-02-01,0.63025
7_1,2025-03-01,0.7823080779944291
7_1,2025-04-01,0.8474586350974932
7_1,2025-05-01,0.8784772980501394
7_1,2025-06-01,0.8944059888579388
7_1,2025-07-01,0.5453877437325906
7_1,2025-08-01,0.5473938718662954
7_1,2025-09-01,0.78994860724234
7_1,2025-10-01,0.7566097493036213
7_1,2025-11-01,0.8135030997304582
7_1,2025-12-01,0.8169466307277627
7_1,2026-01-01,0.7047010781671159
7_1,2026-02-01,0.42282604456824524
7_1,2026-03-01,0.7582256267409471
7_1,2026-04-01,0.8965928969359331
7_2,2023-01-01,0.7696981079404464
7_2,2023-02-01,0.835497384085213
7_2,2023-03-01,0.8677097744360903
7_2,2023-04-01,0.8547369674185465
7_2,2023-05-01,0.8610793076441104
7_2,2023-06-01,0.7328410401002508
7_2,2023-07-01,0.6717848684210531
7_2,2023-08-01,0.8044537750626569
7_2,2023-09-01,0.7095528508771929
7_2,2023-10-01,0.6134928884711783
7_2,2023-11-01,0.756579094292804
7_2,2023-12-01,0.8504502068331546
7_2,2024-01-01,0.8403060018610421
7_2,2024-02-01,0.8770628446115292
7_2,2024-03-01,0.8365039317042604
7_2,2024-04-01,0.8249481516290728
7_2,2024-05-01,0.7328532268170429
7_2,2024-06-01,0.5945328947368423
7_2,2024-07-01,0.8223335996240604
7_2,2024-08-01,0.8226194862155392
7_2,2024-09-01,0.7925619360902255
7_2,2024-10-01,0.7913611842105266
7_2,2024-11-01,0.8405122023809526
7_2,2024-12-01,0.8671868951612907
7_2,2025-01-01,0.7440626705955337
7_2,2025-02-01,0.8093133928571434
7_2,2025-03-01,0.8543373590225565
7_2,2025-04-01,0.8249527098997496
7_2,2025-05-01,0.8612503916040101
7_2,2025-06-01,0.8424466791979953
7_2,2025-07-01,0.7597543859649126
7_2,2025-08-01,0.6383439536340852
7_2,2025-09-01,0.8078215852130328
7_2,2025-10-01,0.7764465538847121
7_2,2025-11-01,0.8249948045905712
7_2,2025-12-01,0.8464295285359803
7_2,2026-01-01,0.7077575682382136
7_2,2026-02-01,0.7197371397243109
7_2,2026-03-01,0.87531718358396
7_2,2026-04-01,0.8689486372180454
7_3,2023-01-01,0.7918431060798781
7_3,2023-02-01,0.77138512207528
7_3,2023-03-01,0.8605252161749747
7_3,2023-04-01,0.8682094862665309
7_3,2023-05-01,0.8675884664292979
7_3,2023-06-01,0.8108839013224826
7_3,2023-07-01,0.6414595752797562
7_3,2023-08-01,0.7843674084435401
7_3,2023-09-01,0.7788051754832148
7_3,2023-10-01,0.8295135045778232
7_3,2023-11-01,0.8804955736453833
7_3,2023-12-01,0.8647767199895956
7_3,2024-01-01,0.7946013228186211
7_3,2024-02-01,0.8748843336724316
7_3,2024-03-01,0.8505712995930824
7_3,2024-04-01,0.8571567777212618
7_3,2024-05-01,0.7401384664292979
7_3,2024-06-01,0.6462777212614447
7_3,2024-07-01,0.7864372329603257
7_3,2024-08-01,0.8130272380467956
7_3,2024-09-01,0.8268927390640896
7_3,2024-10-01,0.8371597151576807
7_3,2024-11-01,0.7788730417090542
7_3,2024-12-01,0.8314030272195372
7_3,2025-01-01,0.7372149961841772
7_3,2025-02-01,0.7921034079348934
7_3,2025-03-01,0.8665645218718211
7_3,2025-04-01,0.7734110122075284
7_3,2025-05-01,0.840865653611394
7_3,2025-06-01,0.7640802009155649
7_3,2025-07-01,0.5782210452695831
7_3,2025-08-01,0.6804766658189217
7_3,2025-09-01,0.8665308494404885
7_3,2025-10-01,0.8819722151576809
7_3,2025-11-01,0.8454495548206565
7_3,2025-12-01,0.8437932587127959
7_3,2026-01-01,0.8206590562197915
7_3,2026-02-01,0.7446660096642929
7_3,2026-03-01,0.8665091937945069
7_3,2026-04-01,0.9109759664292983
7_4,2023-01-01,0.7587418889033434
7_4,2023-02-01,0.6925648283038499
7_4,2023-03-01,0.7738280306971904
7_4,2023-04-01,0.8357617845993753
7_4,2023-05-01,0.8450593132154004
7_4,2023-06-01,0.8353729188345471
7_4,2023-07-01,0.5260530827263266
7_4,2023-08-01,0.8085244276795004
7_4,2023-09-01,0.8128615894901143
7_4,2023-10-01,0.7809226716961498
7_4,2023-11-01,0.7568043970339535
7_4,2023-12-01,0.8329871168765101
7_4,2024-01-01,0.8049060882008583
7_4,2024-02-01,0.8811434053069717
7_4,2024-03-01,0.8593121618106137
7_4,2024-04-01,0.8668167793964621
7_4,2024-05-01,0.8045311654526535
7_4,2024-06-01,0.743915296566077
7_4,2024-07-01,0.761626027575442
7_4,2024-08-01,0.7742763917793964
7_4,2024-09-01,0.8576322450572319
7_4,2024-10-01,0.8556277705515086
7_4,2024-11-01,0.8288203303850155
7_4,2024-12-01,0.8503835176271629
7_4,2025-01-01,0.6881906335371407
7_4,2025-02-01,0.7772645681581687
7_4,2025-03-01,0.808749388657648
7_4,2025-04-01,0.7819427939646203
7_4,2025-05-01,0.831850468262227
7_4,2025-06-01,0.5380357440166491
7_4,2025-07-01,0.5962303980228928
7_4,2025-08-01,0.7110984651404785
7_4,2025-09-01,0.8852730749219561
7_4,2025-10-01,0.8859959287200835
7_4,2025-11-01,0.7415041108364772
7_4,2025-12-01,0.8875517627162741
7_4,2026-01-01,0.5628602966046571
7_4,2026-02-01,0.5452473595213319
7_4,2026-03-01,0.8541360822060353
7_4,2026-04-01,0.9047450702393336
7_5,2023-01-01,0.6112403460837885
7_5,2023-02-01,0.626059127337489
7_5,2023-03-01,0.7206592291057118
7_5,2023-04-01,0.8628101768222874
7_5,2023-05-01,0.8563448034601199
7_5,2023-06-01,0.8134992621803845
7_5,2023-07-01,0.5197304668617224
7_5,2023-08-01,0.6842419539498792
7_5,2023-09-01,0.8235337616079381
7_5,2023-10-01,0.7880011703345631
7_5,2023-11-01,0.7888503773093938
7_5,2023-12-01,0.7882136984519317
7_5,2024-01-01,0.7322478922716626
7_5,2024-02-01,0.8699827121231397
7_5,2024-03-01,0.8471976974939577
7_5,2024-04-01,0.8345167408726625
7_5,2024-05-01,0.733125823686554
7_5,2024-06-01,0.7647631217402368
7_5,2024-07-01,0.7471813636941865
7_5,2024-08-01,0.797123279480982
7_5,2024-09-01,0.87001806385956
7_5,2024-10-01,0.8559067294237375
7_5,2024-11-01,0.8685665818598146
7_5,2024-12-01,0.8684344782721835
7_5,2025-01-01,0.5508353499869894
7_5,2025-02-01,0.6451879659076454
7_5,2025-03-01,0.6598684136878261
7_5,2025-04-01,0.6260277318407328
7_5,2025-05-01,0.849740096679812
7_5,2025-06-01,0.6462122630708562
7_5,2025-07-01,0.518914896323623
7_5,2025-08-01,0.7850199847347669
7_5,2025-09-01,0.8826949751939955
7_5,2025-10-01,0.8781824322605266
7_5,2025-11-01,0.8238859354670831
7_5,2025-12-01,0.8917171220400729
7_5,2026-01-01,0.5787946005724693
7_5,2026-02-01,0.6629479837170844
7_5,2026-03-01,0.8507138404783108
7_5,2026-04-01,0.8625155450960438
7_6,2023-01-01,0.6376857743971517
7_6,2023-02-01,0.6882750946502061
7_6,2023-03-01,0.738128888888889
7_6,2023-04-01,0.8579767078189305
7_6,2023-05-01,0.8503124773662559
7_6,2023-06-01,0.8184102057613174
7_6,2023-07-01,0.7060079670781896
7_6,2023-08-01,0.8030172674897124
7_6,2023-09-01,0.8331038683127576
7_6,2023-10-01,0.8679202139917701
7_6,2023-11-01,0.8059316070561581
7_6,2023-12-01,0.8350035357669013
7_6,2024-01-01,0.7147237740734748
7_6,2024-02-01,0.8801144032921814
7_6,2024-03-01,0.8486430288065849
7_6,2024-04-01,0.8440924773662555
7_6,2024-05-01,0.8953816460905353
7_6,2024-06-01,0.8396026008230456
7_6,2024-07-01,0.7847095473251035
7_6,2024-08-01,0.8112000000000006
7_6,2024-09-01,0.8617016625514407
7_6,2024-10-01,0.8649265020576135
7_6,2024-11-01,0.863968971193416
7_6,2024-12-01,0.8521204240168313
7_6,2025-01-01,0.5765158925392457
7_6,2025-02-01,0.6656197366255147
7_6,2025-03-01,0.7469848065843625
7_6,2025-04-01,0.7725985514403296
7_6,2025-05-01,0.8790973004115232
7_6,2025-06-01,0.5683219423868316
7_6,2025-07-01,0.5994184362139919
7_6,2025-08-01,0.8360563456790128
7_6,2025-09-01,0.833388971193416
7_6,2025-10-01,0.8734841316872433
7_6,2025-11-01,0.8475086907266549
7_6,2025-12-01,0.865854232076388
7_6,2026-01-01,0.6355849975724228
7_6,2026-02-01,0.7145976954732512
7_6,2026-03-01,0.8511551769547325
7_6,2026-04-01,0.8925191604938277
8_2,2023-01-01,0.8624469033232628
8_2,2023-02-01,0.8743636433512683
8_2,2023-03-01,0.8965288239815528
8_2,2023-04-01,0.8685986164488855
8_2,2023-05-01,0.8634655649500385
8_2,2023-06-01,0.6869368178324367
8_2,2023-07-01,0.7690620292083014
8_2,2023-08-01,0.8688625672559571
8_2,2023-09-01,0.5813726364335128
8_2,2023-10-01,0.6907728670253651
8_2,2023-11-01,0.586379909365559
8_2,2023-12-01,0.8917285081240768
8_2,2024-01-01,0.8140465256797582
8_2,2024-02-01,0.8767201383551114
8_2,2024-03-01,0.8443301306687166
8_2,2024-04-01,0.7619623366641046
8_2,2024-05-01,0.6761011529592622
8_2,2024-06-01,0.4299331283627979
8_2,2024-07-01,0.8146588777863182
8_2,2024-08-01,0.820515987701768
8_2,2024-09-01,0.8400453497309763
8_2,2024-10-01,0.7063421214450424
8_2,2024-11-01,0.7666789392774789
8_2,2024-12-01,0.8950726586102717
8_2,2025-01-01,0.8876848187311177
8_2,2025-02-01,0.8558468870099922
8_2,2025-03-01,0.8391539584934666
8_2,2025-04-01,0.8439431206764029
8_2,2025-05-01,0.8706599538816298
8_2,2025-06-01,0.8483231360491931
8_2,2025-07-01,0.807848193697156
8_2,2025-08-01,0.7746360491929287
8_2,2025-09-01,0.8485720215219065
8_2,2025-10-01,0.807327901614143
8_2,2025-11-01,0.6926415407854984
8_2,2025-12-01,0.8539248489425983
8_2,2026-01-01,0.710820921450151
8_2,2026-02-01,0.6564033051498848
8_2,2026-03-01,0.8852122213681783
8_2,2026-04-01,0.8851872405841661
8_3,2023-01-01,0.6891836544250454
8_3,2023-02-01,0.6683892365835223
8_3,2023-03-01,0.7593503552532126
8_3,2023-04-01,0.8542541345427058
8_3,2023-05-01,0.8572339833711261
8_3,2023-06-01,0.8152912320483752
8_3,2023-07-01,0.44850716553287995
8_3,2023-08-01,0.84198716553288
8_3,2023-09-01,0.8066075585789871
8_3,2023-10-01,0.799086470143613
8_3,2023-11-01,0.7757240216736907
8_3,2023-12-01,0.8269138619947749
8_3,2024-01-01,0.8384023178807949
8_3,2024-02-01,0.836025804988662
8_3,2024-03-01,0.8484775661375664
8_3,2024-04-01,0.8823256689342407
8_3,2024-05-01,0.7999423280423282
8_3,2024-06-01,0.421841239606954
8_3,2024-07-01,0.6133148904006046
8_3,2024-08-01,0.689667180650038
8_3,2024-09-01,0.8397611791383219
8_3,2024-10-01,0.8312340287226003
8_3,2024-11-01,0.7707367195767197
8_3,2024-12-01,0.8089802378085492
8_3,2025-01-01,0.5252401264298616
8_3,2025-02-01,0.6975291912320483
8_3,2025-03-01,0.7918424187452758
8_3,2025-04-01,0.6849781103552532
8_3,2025-05-01,0.8230342705971279
8_3,2025-06-01,0.4253173544973545
8_3,2025-07-01,0.5596420408163266
8_3,2025-08-01,0.5146983824640967
8_3,2025-09-01,0.8636316250944824
8_3,2025-10-01,0.8532085563114136
8_3,2025-11-01,0.7387672486453943
8_3,2025-12-01,0.7959089704996989
8_3,2026-01-01,0.6295437086092717
8_3,2026-02-01,0.33908962962962963
8_3,2026-03-01,0.8471943764172334
8_3,2026-04-01,0.8256280876795165
8_4,2023-01-01,0.5331367195629552
8_4,2023-02-01,0.5566940281030445
8_4,2023-03-01,0.7841646760343483
8_4,2023-04-01,0.849036494925839
8_4,2023-05-01,0.8590547358834244
8_4,2023-06-01,0.8588155347384856
8_4,2023-07-01,0.5853181108508978
8_4,2023-08-01,0.793828051001821
8_4,2023-09-01,0.8584002732240436
8_4,2023-10-01,0.7043210772833722
8_4,2023-11-01,0.7483179760665971
8_4,2023-12-01,0.7956266564924326
8_4,2024-01-01,0.765398218002081
8_4,2024-02-01,0.879144353369763
8_4,2024-03-01,0.8343444574551131
8_4,2024-04-01,0.867645797553994
8_4,2024-05-01,0.8195309133489459
8_4,2024-06-01,0.6116380822274264
8_4,2024-07-01,0.6785060889929745
8_4,2024-08-01,0.6821410096278948
8_4,2024-09-01,0.8361001561280248
8_4,2024-10-01,0.8331467733541502
8_4,2024-11-01,0.8556652094717668
8_4,2024-12-01,0.8260614073881373
8_4,2025-01-01,0.49570875390218505
8_4,2025-02-01,0.6248730028623471
8_4,2025-03-01,0.7519048790007807
8_4,2025-04-01,0.5621921025240698
8_4,2025-05-01,0.7221807962529275
8_4,2025-06-01,0.4147615534738485
8_4,2025-07-01,0.4368501691386935
8_4,2025-08-01,0.5630908534998696
8_4,2025-09-01,0.8838783502472028
8_4,2025-10-01,0.8790151183970856
8_4,2025-11-01,0.7479693288241414
8_4,2025-12-01,0.7483701482830384
8_4,2026-01-01,0.5659992585848074
8_4,2026-02-01,0.4820919463960449
8_4,2026-03-01,0.8670952641165754
8_4,2026-04-01,0.8782411397345823
8_5,2023-01-01,0.5037719099661722
8_5,2023-02-01,0.5466971254133808
8_5,2023-03-01,0.6847711015008905
8_5,2023-04-01,0.79690985754261
8_5,2023-05-01,0.8517304502671077
8_5,2023-06-01,0.8440266726023912
8_5,2023-07-01,0.5753069956754006
8_5,2023-08-01,0.6782284024421266
8_5,2023-09-01,0.6783254769778682
8_5,2023-10-01,0.7099904222844058
8_5,2023-11-01,0.6667827348425711
8_5,2023-12-01,0.6682694899817853
8_5,2024-01-01,0.6272359614884205
8_5,2024-02-01,0.8848083439328416
8_5,2024-03-01,0.8273679598066651
8_5,2024-04-01,0.8152051767997966
8_5,2024-05-01,0.6313185830577462
8_5,2024-06-01,0.66017182650725
8_5,2024-07-01,0.6366143347748663
8_5,2024-08-01,0.6891700457898753
8_5,2024-09-01,0.8727140676672606
8_5,2024-10-01,0.8689074535741544
8_5,2024-11-01,0.8984281989315697
8_5,2024-12-01,0.8920741478011969
8_5,2025-01-01,0.3062512099921935
8_5,2025-02-01,0.40983159501399136
8_5,2025-03-01,0.6715766217247523
8_5,2025-04-01,0.5316356779445434
8_5,2025-05-01,0.8728739124904606
8_5,2025-06-01,0.6696597557873314
8_5,2025-07-01,0.3655671457644366
8_5,2025-08-01,0.6002350928516919
8_5,2025-09-01,0.8888618290511321
8_5,2025-10-01,0.8822704019333505
8_5,2025-11-01,0.7803904631798073
8_5,2025-12-01,0.8102261514441843
8_5,2026-01-01,0.46186851418162883
8_5,2026-02-01,0.36356363520732643
8_5,2026-03-01,0.8470148181124394
8_5,2026-04-01,0.8624367718137881
8_6,2023-01-01,0.47182081539630283
8_6,2023-02-01,0.4383958365860005
8_6,2023-03-01,0.7061254748894092
8_6,2023-04-01,0.8302575852198804
8_6,2023-05-01,0.8702385376008328
8_6,2023-06-01,0.8602158209731982
8_6,2023-07-01,0.5269151704397607
8_6,2023-08-01,0.7817684100962792
8_6,2023-09-01,0.8289855061150142
8_6,2023-10-01,0.8724419203747072
8_6,2023-11-01,0.8784362116991644
8_6,2023-12-01,0.8496752768477981
8_6,2024-01-01,0.7233103823752848
8_6,2024-02-01,0.8953141556075982
8_6,2024-03-01,0.852152016653656
8_6,2024-04-01,0.8424936768149884
8_6,2024-05-01,0.81775977101223
8_6,2024-06-01,0.8245922196200884
8_6,2024-07-01,0.7176454332552693
8_6,2024-08-01,0.8209933125162634
8_6,2024-09-01,0.8665106427270363
8_6,2024-10-01,0.8672685402029663
8_6,2024-11-01,0.8836827478532394
8_6,2024-12-01,0.8732806280070904
8_6,2025-01-01,0.310994226386427
8_6,2025-02-01,0.49139289617486337
8_6,2025-03-01,0.6743289097059588
8_6,2025-04-01,0.7805351027842828
8_6,2025-05-01,0.8916562321103304
8_6,2025-06-01,0.5898402029664326
8_6,2025-07-01,0.4034504553734062
8_6,2025-08-01,0.7989402029664326
8_6,2025-09-01,0.8666483476450688
8_6,2025-10-01,0.8713625032526671
8_6,2025-11-01,0.8522895416561155
8_6,2025-12-01,0.8828323373005824
8_6,2026-01-01,0.44508095720435564
8_6,2026-02-01,0.3749930783242258
8_6,2026-03-01,0.8515061670569868
8_6,2026-04-01,0.9015428831641944
9_3,2023-01-01,0.3759951133144476
9_3,2023-02-01,0.2525754814814815
9_3,2023-03-01,0.8272683703703705
9_3,2023-04-01,0.8064110370370371
9_3,2023-05-01,0.8109346666666666
9_3,2023-06-01,0.7187974814814815
9_3,2023-07-01,0.6998237037037037
9_3,2023-08-01,0.6245556296296296
9_3,2023-09-01,0.8016572592592593
9_3,2023-10-01,0.843484962962963
9_3,2023-11-01,0.7788768413597733
9_3,2023-12-01,0.7493766214177978
9_3,2024-01-01,0.716006940509915
9_3,2024-02-01,0.8124179259259261
9_3,2024-03-01,0.8216721481481483
9_3,2024-04-01,0.8994222222222223
9_3,2024-05-01,0.8761479259259259
9_3,2024-06-01,0.4192812592592593
9_3,2024-07-01,0.7179871851851852
9_3,2024-08-01,0.8025125925925927
9_3,2024-09-01,0.8634432592592592
9_3,2024-10-01,0.783019925925926
9_3,2024-11-01,0.6855043703703704
9_3,2024-12-01,0.6765120396600567
9_3,2025-01-01,0.22844440509915018
9_3,2025-02-01,0.3453302962962963
9_3,2025-03-01,0.7062071851851852
9_3,2025-04-01,0.6603142222222222
9_3,2025-05-01,0.739224
9_3,2025-06-01,0.4298343703703705
9_3,2025-07-01,0.4071471111111111
9_3,2025-08-01,0.641256148148148
9_3,2025-09-01,0.8628945925925926
9_3,2025-10-01,0.8613497777777778
9_3,2025-11-01,0.6490546033994334
9_3,2025-12-01,0.6245560906515583
9_3,2026-01-01,0.486893342776204
9_3,2026-02-01,0.454547037037037
9_3,2026-03-01,0.8182157037037039
9_3,2026-04-01,0.9178902962962963
9_4,2023-01-01,0.6170354365754678
9_4,2023-02-01,0.5611653871348092
9_4,2023-03-01,0.7735565570548931
9_4,2023-04-01,0.7861733787501638
9_4,2023-05-01,0.8680293593606708
9_4,2023-06-01,0.8461623083977466
9_4,2023-07-01,0.7359623083977467
9_4,2023-08-01,0.6927591117516048
9_4,2023-09-01,0.8134703131141098
9_4,2023-10-01,0.8138897157081095
9_4,2023-11-01,0.7517297552035606
9_4,2023-12-01,0.7836228787490385
9_4,2024-01-01,0.7400745909150414
9_4,2024-02-01,0.88201232804926
9_4,2024-03-01,0.8188675225992401
9_4,2024-04-01,0.8405769946285864
9_4,2024-05-01,0.6936391196122099
9_4,2024-06-01,0.7168261627145288
9_4,2024-07-01,0.6562227564522469
9_4,2024-08-01,0.7106739158915236
9_4,2024-09-01,0.8826648761954671
9_4,2024-10-01,0.8769009301716231
9_4,2024-11-01,0.8830770863356477
9_4,2024-12-01,0.8843423484749312
9_4,2025-01-01,0.4251935331849718
9_4,2025-02-01,0.5838987292021485
9_4,2025-03-01,0.6912469409144504
9_4,2025-04-01,0.674994510677322
9_4,2025-05-01,0.7892412550766408
9_4,2025-06-01,0.4397808332241581
9_4,2025-07-01,0.2729868334861784
9_4,2025-08-01,0.661469173326346
9_4,2025-09-01,0.8772600812262542
9_4,2025-10-01,0.8694365256124722
9_4,2025-11-01,0.6961141510668934
9_4,2025-12-01,0.8076989265610683
9_4,2026-01-01,0.546062141641576
9_4,2026-02-01,0.3869892309707847
9_4,2026-03-01,0.8541080440193892
9_4,2026-04-01,0.8742856412943795
9_5,2023-01-01,0.5868593589911993
9_5,2023-02-01,0.6002116692426583
9_5,2023-03-01,0.7029474111282843
9_5,2023-04-01,0.8055126738794438
9_5,2023-05-01,0.875358603812468
9_5,2023-06-01,0.8688184827408556
9_5,2023-07-01,0.5742336038124679
9_5,2023-08-01,0.6843306543019061
9_5,2023-09-01,0.716861888201958
9_5,2023-10-01,0.7693108964451312
9_5,2023-11-01,0.747612189675555
9_5,2023-12-01,0.7241470325042769
9_5,2024-01-01,0.6884221857349272
9_5,2024-02-01,0.8402364245234415
9_5,2024-03-01,0.8323001159196292
9_5,2024-04-01,0.8425672591447707
9_5,2024-05-01,0.8146413961875322
9_5,2024-06-01,0.7590902112313243
9_5,2024-07-01,0.7318692168985058
9_5,2024-08-01,0.778315095311695
9_5,2024-09-01,0.8888990211231326
9_5,2024-10-01,0.8820242400824316
9_5,2024-11-01,0.9014293920659456
9_5,2024-12-01,0.885906383817155
9_5,2025-01-01,0.595123945882044
9_5,2025-02-01,0.5369716125708398
9_5,2025-03-01,0.7699410870685215
9_5,2025-04-01,0.6493634337970118
9_5,2025-05-01,0.9014512493560023
9_5,2025-06-01,0.6323647990726431
9_5,2025-07-01,0.4174514425553839
9_5,2025-08-01,0.6411990726429676
9_5,2025-09-01,0.891446071612571
9_5,2025-10-01,0.8842176455435341
9_5,2025-11-01,0.8411307894391175
9_5,2025-12-01,0.8664819781951928
9_5,2026-01-01,0.5018132273742284
9_5,2026-02-01,0.40215539670273054
9_5,2026-03-01,0.8362065301391038
9_5,2026-04-01,0.8781269062338999
9_6,2023-01-01,0.5737620399579391
9_6,2023-02-01,0.4716924225028702
9_6,2023-03-01,0.7022932261768081
9_6,2023-04-01,0.8195191733639494
9_6,2023-05-01,0.8826125143513202
9_6,2023-06-01,0.8710319173363951
9_6,2023-07-01,0.3629475315729047
9_6,2023-08-01,0.8239002296211251
9_6,2023-09-01,0.8736284730195176
9_6,2023-10-01,0.8769111366245694
9_6,2023-11-01,0.6233415352260778
9_6,2023-12-01,0.6836854910714286
9_6,2024-01-01,0.6563058885383809
9_6,2024-02-01,0.7906163030998852
9_6,2024-03-01,0.8682517795637198
9_6,2024-04-01,0.8761624569460391
9_6,2024-05-01,0.890373708381171
9_6,2024-06-01,0.8084135476463835
9_6,2024-07-01,0.5435229621125144
9_6,2024-08-01,0.7658621125143512
9_6,2024-09-01,0.8839197474167622
9_6,2024-10-01,0.8860882893226174
9_6,2024-11-01,0.8953549942594718
9_6,2024-12-01,0.8897126182965299
9_6,2025-01-01,0.3817349106203996
9_6,2025-02-01,0.3694079219288174
9_6,2025-03-01,0.794746613088404
9_6,2025-04-01,0.6289335246842709
9_6,2025-05-01,0.9107234213547645
9_6,2025-06-01,0.6724179104477612
9_6,2025-07-01,0.41856946039035586
9_6,2025-08-01,0.7186840413318025
9_6,2025-09-01,0.9029119402985075
9_6,2025-10-01,0.9066283582089552
9_6,2025-11-01,0.8781375394321768
9_6,2025-12-01,0.8810397476340696
9_6,2026-01-01,0.5350045215562567
9_6,2026-02-01,0.4674075774971297
9_6,2026-03-01,0.8591421354764638
9_6,2026-04-01,0.889762456946039
10_4,2023-01-01,0.6599062574635777
10_4,2023-02-01,0.7692940851166145
10_4,2023-03-01,0.8068428227939407
10_4,2023-04-01,0.8297753546525608
10_4,2023-05-01,0.883668886751623
10_4,2023-06-01,0.8607256552055784
10_4,2023-07-01,0.6119588843471989
10_4,2023-08-01,0.7973533060831933
10_4,2023-09-01,0.8453179610483291
10_4,2023-10-01,0.8658075739360426
10_4,2023-11-01,0.873281203725818
10_4,2023-12-01,0.8905149964463398
10_4,2024-01-01,0.7172148793885834
10_4,2024-02-01,0.8825392402019717
10_4,2024-03-01,0.8622758114931475
10_4,2024-04-01,0.8583797547487377
10_4,2024-05-01,0.8060944457802357
10_4,2024-06-01,0.7164079826881463
10_4,2024-07-01,0.8705834575619141
10_4,2024-08-01,0.8861521279153645
10_4,2024-09-01,0.89330565039673
10_4,2024-10-01,0.8788657610002406
10_4,2024-11-01,0.9126165183938449
10_4,2024-12-01,0.9034379508000957
10_4,2025-01-01,0.611245880105087
10_4,2025-02-01,0.7358088482808369
10_4,2025-03-01,0.7485663861505171
10_4,2025-04-01,0.8524539552777111
10_4,2025-05-01,0.8836807646068767
10_4,2025-06-01,0.6160251983649916
10_4,2025-07-01,0.5312013945660015
10_4,2025-08-01,0.6443914402500603
10_4,2025-09-01,0.8654130079345997
10_4,2025-10-01,0.8959507573936043
10_4,2025-11-01,0.8930353952710772
10_4,2025-12-01,0.9020994984475759
10_4,2026-01-01,0.7426941724385002
10_4,2026-02-01,0.5218300553017553
10_4,2026-03-01,0.7028276508776148
10_4,2026-04-01,0.8732607838422699
10_5,2023-01-01,0.6173388978930308
10_5,2023-02-01,0.6680424690371554
10_5,2023-03-01,0.8250669196963643
10_5,2023-04-01,0.8785068717538952
10_5,2023-05-01,0.8952734718337995
10_5,2023-06-01,0.857175389532561
10_5,2023-07-01,0.6543465840990811
10_5,2023-08-01,0.8538234918098283
10_5,2023-09-01,0.8454157411106672
10_5,2023-10-01,0.7834581302437075
10_5,2023-11-01,0.7527928282009726
10_5,2023-12-01,0.8032389754098361
10_5,2024-01-01,0.78504943273906
10_5,2024-02-01,0.7456433479824209
10_5,2024-03-01,0.8532897722732721
10_5,2024-04-01,0.8708268877347182
10_5,2024-05-01,0.8298034758290053
10_5,2024-06-01,0.8107340391530163
10_5,2024-07-01,0.8299674390731123
10_5,2024-08-01,0.8659841390331601
10_5,2024-09-01,0.8974038353975229
10_5,2024-10-01,0.8806761086695964
10_5,2024-11-01,0.9104990411506192
10_5,2024-12-01,0.8974850486223663
10_5,2025-01-01,0.8421390599675851
10_5,2025-02-01,0.7035743108270076
10_5,2025-03-01,0.7567656012784659
10_5,2025-04-01,0.857667039552537
10_5,2025-05-01,0.900507151418298
10_5,2025-06-01,0.6985085896923692
10_5,2025-07-01,0.5594451857770675
10_5,2025-08-01,0.8075049141030762
10_5,2025-09-01,0.8892920894926087
10_5,2025-10-01,0.8989008389932083
10_5,2025-11-01,0.8954133711507294
10_5,2025-12-01,0.8689780794165317
10_5,2026-01-01,0.5017491896272286
10_5,2026-02-01,0.4903330803036356
10_5,2026-03-01,0.8527033959248902
10_5,2026-04-01,0.8755131841789853
11_4,2023-01-01,0.8853000000000001
11_4,2023-02-01,0.5573
11_4,2023-03-01,0.6787000000000001
11_4,2023-04-01,0.6834
11_4,2023-05-01,0.8756
11_4,2023-06-01,0.8756
11_4,2023-07-01,0.4063
11_4,2023-08-01,0.8489
11_4,2023-09-01,0.6175
11_4,2023-10-01,0.8582000000000001
11_4,2023-11-01,0.8809
11_4,2023-12-01,0.8282
11_4,2024-01-01,0.8892
11_4,2024-02-01,0.8829
11_4,2024-03-01,0.8296
11_4,2024-04-01,0.9104000000000001
11_4,2024-05-01,0.8983000000000001
11_4,2024-06-01,0.8324
11_4,2024-07-01,0.8589
11_4,2024-08-01,0.9282
11_4,2024-09-01,0.8918
11_4,2024-10-01,0.8360000000000001
11_4,2024-11-01,0.8981
11_4,2024-12-01,0.8825000000000001
11_4,2025-01-01,0.8484
11_4,2025-02-01,0.8275
11_4,2025-03-01,0.8849
11_4,2025-04-01,0.7647
11_4,2025-05-01,0.8563000000000001
11_4,2025-06-01,0.8563000000000001
11_4,2025-07-01,0.7694000000000001
11_4,2025-08-01,0.5644
11_4,2025-09-01,0.9113
11_4,2025-10-01,0.9161
11_4,2025-11-01,0.9086000000000001
11_4,2025-12-01,0.9239
11_4,2026-01-01,0.9067000000000001
11_4,2026-02-01,0.9067000000000001
11_4,2026-03-01,0.7289
11_4,2026-04-01,0.8622000000000001
